Data Point,Date,Simple Date,Outdoor Temperature (캟),Feels Like (째F),Dew Point (째F),Wind Speed (mph),Wind Gust (mph),Max Daily Gust (mph),Wind Direction (째),Hourly Rain (in/hr),Event Rain (in),Daily Rain (in),Weekly Rain (in),Monthly Rain (in),Total Rain (in),Relative Pressure (inHg),Humidity (%),Ultra-Violet Radiation Index,Solar Radiation (W/m^2),Indoor Temperature (째F),Indoor Humidity (%),Greenhouse  Temperature (째F),Greenhouse  Humidity (%),Office Temperature (째F),Office Humidity (%),Garage Temperature (째F),Garage Humidity (%),Basement Temperature (째F),Basement Humidity (%),Sensor 5 Temperature (째F),Absolute Pressure (inHg),Outdoor Battery,Greenhouse  Battery,Office Battery,Garage Battery,Sensor 5 Battery,CO2 battery,Greenhouse  Feels Like (째F),Greenhouse  Dew Point (째F),Office Feels Like (째F),Office Dew Point (째F),Garage Feels Like (째F),Garage Dew Point (째F),Indoor Feels Like (째F),Indoor Dew Point (째F),Basement Battery,Basement Feels Like (째F),Basement Dew Point (째F)
1,2023-06-11T00:00:00-04:00,6/11/2023 0:00,68.2,67.2,50.4,0,0,0,50,0,0,0,0,0.02,105.91,30.21,53,0,0,65.7,42,67.8,51,74.1,36,74.8,41,,,64,28.9,1,1,1,1,1,1,67.8,49,72.9,45.4,73.9,49.5,65.7,42,,,
2,2023-06-11T00:05:00-04:00,6/11/2023 0:05,68,68,50.2,0,0,1.1,51,0,0,0,0,0.02,105.91,30.2,53,0,0,65.8,42,67.8,51,74.3,36,74.7,41,63.3,50,64,28.9,1,1,1,1,1,1,67.8,49,73.1,45.6,73.8,49.4,65.8,42.1,1,63.3,44.3
3,2023-06-11T00:10:00-04:00,6/11/2023 0:10,67.8,67.8,50.5,0,0,1.1,51,0,0,0,0,0.02,105.91,30.2,54,0,0,66,42,67.6,51,74.1,36,74.7,42,63.3,50,64,28.89,1,1,1,1,1,1,67.6,48.8,72.9,45.4,73.8,50.1,66,42.2,1,63.3,44.3
4,2023-06-11T00:15:00-04:00,6/11/2023 0:15,67.6,67.6,50.4,0,0,1.1,52,0,0,0,0,0.02,105.91,30.2,54,0,0,66.2,42,67.5,51,74.1,36,74.7,42,63.3,50,64,28.89,1,1,1,1,1,1,67.5,48.7,72.9,45.4,73.8,50.1,66.2,42.4,1,63.3,44.3
5,2023-06-11T00:20:00-04:00,6/11/2023 0:20,67.1,67.1,50.4,0,0,1.1,52,0,0,0,0,0.02,105.91,30.2,55,0,0,66.4,42,67.5,51,74.1,36,74.7,42,63.3,50,64,28.89,1,1,1,1,1,1,67.5,48.7,72.9,45.4,73.8,50.1,66.4,42.6,1,63.3,44.3
6,2023-06-11T00:25:00-04:00,6/11/2023 0:25,67.1,67.1,50.4,0.7,1.1,1.1,56,0,0,0,0,0.02,105.91,30.2,55,0,0,66.4,42,67.3,52,74.1,36,74.5,42,63.3,50,64,28.89,1,1,1,1,1,1,67.3,49.1,72.9,45.4,73.6,49.9,66.4,42.6,1,63.3,44.3
7,2023-06-11T00:30:00-04:00,6/11/2023 0:30,67.8,67.8,51,0.2,1.1,3.4,50,0,0,0,0,0.02,105.91,30.19,55,0,0,66.4,42,67.3,51,74.1,36,74.7,42,63.3,50,64,28.88,1,1,1,1,1,1,67.3,48.5,72.9,45.4,73.8,50.1,66.4,42.6,1,63.3,44.3
8,2023-06-11T00:35:00-04:00,6/11/2023 0:35,68,68,51.2,1.8,2.2,3.4,84,0,0,0,0,0.02,105.91,30.2,55,0,0,66.6,42,67.1,52,74.1,36,74.7,42,63.3,50,64,28.9,1,1,1,1,1,1,67.1,48.9,72.9,45.4,73.8,50.1,66.6,42.8,1,63.3,44.3
9,2023-06-11T00:40:00-04:00,6/11/2023 0:40,67.8,67.8,51,0.7,1.1,3.4,45,0,0,0,0,0.02,105.91,30.2,55,0,0,66.6,42,67.1,51,74.1,36,74.7,42,63.3,50,64,28.89,1,1,1,1,1,1,67.1,48.4,72.9,45.4,73.8,50.1,66.6,42.8,1,63.3,44.3
10,2023-06-11T00:45:00-04:00,6/11/2023 0:45,67.5,67.5,51.2,0.7,1.1,3.4,37,0,0,0,0,0.02,105.91,30.2,56,0,0,66.6,42,66.9,51,73.9,36,74.7,41,63.3,50,64.2,28.89,1,1,1,1,1,1,66.9,48.2,72.7,45.2,73.8,49.4,66.6,42.8,1,63.3,44.3
11,2023-06-11T00:50:00-04:00,6/11/2023 0:50,67.8,67.8,51,1.6,2.2,3.4,356,0,0,0,0,0.02,105.91,30.2,55,0,0,66.7,42,66.9,51,73.9,36,74.5,41,63.3,50,64.2,28.9,1,1,1,1,1,1,66.9,48.2,72.7,45.2,73.6,49.2,66.7,42.9,1,63.3,44.3
12,2023-06-11T00:55:00-04:00,6/11/2023 0:55,67.8,67.8,51.5,0,0,3.4,39,0,0,0,0,0.02,105.91,30.2,56,0,0,66.7,42,66.9,52,73.9,36,74.3,41,63.3,50,64.2,28.89,1,1,1,1,1,1,66.9,48.7,72.7,45.2,73.4,49.1,66.7,42.9,1,63.3,44.3
13,2023-06-11T01:00:00-04:00,6/11/2023 1:00,67.6,67.6,51.3,0,0,3.4,38,0,0,0,0,0.02,105.91,30.2,56,0,0,66.7,42,66.7,52,73.9,36,74.3,41,63.3,50,64.2,28.89,1,1,1,1,1,1,66.7,48.5,72.7,45.2,73.4,49.1,66.7,42.9,1,63.3,44.3
14,2023-06-11T01:05:00-04:00,6/11/2023 1:05,67.6,67.6,51.3,0.7,2.2,3.4,99,0,0,0,0,0.02,105.91,30.2,56,0,0,66.7,42,66.7,52,73.9,36,74.1,41,63.3,50,64.2,28.89,1,1,1,1,1,1,66.7,48.5,72.7,45.2,73.1,48.9,66.7,42.9,1,63.3,44.3
15,2023-06-11T01:10:00-04:00,6/11/2023 1:10,68,68,51.7,0.4,1.1,3.4,48,0,0,0,0,0.02,105.91,30.2,56,0,0,66.7,43,66.7,53,73.9,36,74.1,42,63.5,50,64.2,28.9,1,1,1,1,1,1,66.7,49,72.7,45.2,73.2,49.5,66.7,43.5,1,63.5,44.5
16,2023-06-11T01:15:00-04:00,6/11/2023 1:15,68,68,51.7,0.9,1.1,3.4,41,0,0,0,0,0.02,105.91,30.19,56,0,0,66.9,43,66.6,53,73.8,36,73.9,42,63.5,50,64.2,28.88,1,1,1,1,1,1,66.6,48.9,72.6,45.2,73,49.3,66.9,43.7,1,63.5,44.5
17,2023-06-11T01:20:00-04:00,6/11/2023 1:20,68,68,51.7,2.2,2.2,3.4,108,0,0,0,0,0.02,105.91,30.2,56,0,0,66.9,43,66.6,52,73.8,36,73.9,42,63.5,50,64.2,28.9,1,1,1,1,1,1,66.6,48.4,72.6,45.2,73,49.3,66.9,43.7,1,63.5,44.5
18,2023-06-11T01:25:00-04:00,6/11/2023 1:25,67.5,67.5,51.7,0,0,3.4,48,0,0,0,0,0.02,105.91,30.21,57,0,0,66.9,43,66.6,52,73.8,36,73.9,42,63.5,51,64.2,28.9,1,1,1,1,1,1,66.6,48.4,72.6,45.2,73,49.3,66.9,43.7,1,63.5,45
19,2023-06-11T01:30:00-04:00,6/11/2023 1:30,67.3,67.3,52,0.9,1.1,3.4,55,0,0,0,0,0.02,105.91,30.2,58,0,0,66.9,43,66.6,52,73.8,36,73.9,42,63.5,51,64.2,28.9,1,1,1,1,1,1,66.6,48.4,72.6,45.2,73,49.3,66.9,43.7,1,63.5,45
20,2023-06-11T01:35:00-04:00,6/11/2023 1:35,67.1,67.1,51.8,0,0,3.4,49,0,0,0,0,0.02,105.91,30.2,58,0,0,66.9,43,66.6,52,73.8,36,73.9,42,63.5,51,64.2,28.89,1,1,1,1,1,1,66.6,48.4,72.6,45.2,73,49.3,66.9,43.7,1,63.5,45
21,2023-06-11T01:40:00-04:00,6/11/2023 1:40,66.9,66.9,52.1,0.9,1.1,3.4,55,0,0,0,0,0.02,105.91,30.2,59,0,0,66.9,43,66.6,52,73.8,36,73.9,42,63.5,51,64.2,28.9,1,1,1,1,1,1,66.6,48.4,72.6,45.2,73,49.3,66.9,43.7,1,63.5,45
22,2023-06-11T01:45:00-04:00,6/11/2023 1:45,66.9,66.9,52.1,0,0,3.4,41,0,0,0,0,0.02,105.91,30.2,59,0,0,66.9,43,66.4,53,73.6,36,73.9,42,63.5,51,64.2,28.9,1,1,1,1,1,1,66.4,48.7,72.4,45,73,49.3,66.9,43.7,1,63.5,45
23,2023-06-11T01:50:00-04:00,6/11/2023 1:50,66.2,66.2,51.9,0,0,3.4,36,0,0,0,0,0.02,105.91,30.2,60,0,0,67.1,43,66.4,53,73.6,36,73.9,42,63.5,51,64.2,28.89,1,1,1,1,1,1,66.4,48.7,72.4,45,73,49.3,67.1,43.8,1,63.5,45
24,2023-06-11T01:55:00-04:00,6/11/2023 1:55,65.5,65.5,51.7,0,0,3.4,36,0,0,0,0,0.02,105.91,30.2,61,0,0,67.1,43,66.2,53,73.6,36,73.9,42,,,64.2,28.89,1,1,1,1,1,1,66.2,48.6,72.4,45,73,49.3,67.1,43.8,,,
25,2023-06-11T02:00:00-04:00,6/11/2023 2:00,65.3,65.3,53.2,0.2,1.1,3.4,35,0,0,0,0,0.02,105.91,30.2,65,0,0,67.1,43,66,53,73.6,36,73.9,42,,,64.4,28.89,1,1,1,1,1,1,66,48.4,72.4,45,73,49.3,67.1,43.8,,,
26,2023-06-11T02:05:00-04:00,6/11/2023 2:05,64.6,64.6,54.6,0.2,1.1,3.4,31,0,0,0,0,0.02,105.91,30.2,70,0,0,67.1,43,66,54,73.6,36,73.8,42,,,64.2,28.89,1,1,1,1,1,1,66,48.9,72.4,45,72.9,49.3,67.1,43.8,,,
27,2023-06-11T02:10:00-04:00,6/11/2023 2:10,63.5,63.5,53.1,0,0,3.4,31,0,0,0,0,0.02,105.91,30.21,69,0,0,67.1,43,65.8,54,73.6,36,73.6,42,,,64.2,28.9,1,1,1,1,1,1,65.8,48.7,72.4,45,72.6,49.1,67.1,43.8,,,
28,2023-06-11T02:15:00-04:00,6/11/2023 2:15,63.1,63.1,52.8,0,0,3.4,32,0,0,0,0,0.02,105.91,30.2,69,0,0,67.1,43,65.7,54,73.6,36,73.6,42,,,64.4,28.9,1,1,1,1,1,1,65.7,48.6,72.4,45,72.6,49.1,67.1,43.8,,,
29,2023-06-11T02:20:00-04:00,6/11/2023 2:20,62.4,62.4,51.7,0,0,3.4,32,0,0,0,0,0.02,105.91,30.21,68,0,0,67.1,44,65.3,54,73.4,36,73.4,42,63.7,51,64.4,28.9,1,1,1,1,1,1,65.3,48.2,72.1,44.8,72.4,48.9,67.1,44.5,1,63.7,45.2
30,2023-06-11T02:25:00-04:00,6/11/2023 2:25,63,63,51.9,0,0,3.4,32,0,0,0,0,0.02,105.91,30.21,67,0,0,67.1,44,65.3,55,73.4,36,73.4,42,63.7,51,64.4,28.9,1,1,1,1,1,1,65.3,48.7,72.1,44.8,72.4,48.9,67.1,44.5,1,63.7,45.2
31,2023-06-11T02:30:00-04:00,6/11/2023 2:30,62.4,62.4,51.7,0,0,3.4,32,0,0,0,0,0.02,105.91,30.21,68,0,0,67.1,44,65.1,55,73.4,36,73.2,42,63.7,51,64.4,28.9,1,1,1,1,1,1,65.1,48.5,72.1,44.8,72.2,48.7,67.1,44.5,1,63.7,45.2
32,2023-06-11T02:35:00-04:00,6/11/2023 2:35,62.1,62.1,51.8,0,0,3.4,32,0,0,0,0,0.02,105.91,30.2,69,0,0,67.1,44,64.8,55,73.4,36,73.2,42,63.7,51,64.4,28.89,1,1,1,1,1,1,64.8,48.2,72.1,44.8,72.2,48.7,67.1,44.5,1,63.7,45.2
33,2023-06-11T02:40:00-04:00,6/11/2023 2:40,62.4,62.4,51.7,0.4,1.1,3.4,50,0,0,0,0,0.02,105.91,30.2,68,0,0,67.1,44,64.6,55,73.4,36,73.2,42,63.7,51,64.4,28.89,1,1,1,1,1,1,64.6,48.1,72.1,44.8,72.2,48.7,67.1,44.5,1,63.7,45.2
34,2023-06-11T02:45:00-04:00,6/11/2023 2:45,62.1,62.1,51.8,0,0,3.4,46,0,0,0,0,0.02,105.91,30.2,69,0,0,67.1,44,64.4,56,73.2,36,73.2,42,63.7,51,64.4,28.89,1,1,1,1,1,1,64.4,48.4,71.9,44.6,72.2,48.7,67.1,44.5,1,63.7,45.2
35,2023-06-11T02:50:00-04:00,6/11/2023 2:50,61.5,61.5,51.6,0,0,3.4,46,0,0,0,0,0.02,105.91,30.2,70,0,0,67.1,44,64.4,56,73.2,36,73.2,42,63.7,51,64.4,28.89,1,1,1,1,1,1,64.4,48.4,71.9,44.6,72.2,48.7,67.1,44.5,1,63.7,45.2
36,2023-06-11T02:55:00-04:00,6/11/2023 2:55,61,61,51.5,0,0,3.4,46,0,0,0,0,0.02,105.91,30.2,71,0,0,67.1,44,64.2,56,73.2,37,73.2,42,63.7,51,64.6,28.89,1,1,1,1,1,1,64.2,48.2,72,45.4,72.2,48.7,67.1,44.5,1,63.7,45.2
37,2023-06-11T03:00:00-04:00,6/11/2023 3:00,60.8,60.8,51.3,0,0,3.4,46,0,0,0,0,0.02,105.91,30.2,71,0,0,67.1,44,64,56,73.2,36,73,42,63.9,51,64.4,28.89,1,1,1,1,1,1,64,48,71.9,44.6,72,48.5,67.1,44.5,1,63.9,45.4
38,2023-06-11T03:05:00-04:00,6/11/2023 3:05,60.3,60.3,51.2,0,0,3.4,46,0,0,0,0,0.02,105.91,30.19,72,0,0,67.1,44,63.9,56,73.2,37,73,42,63.9,51,64.4,28.88,1,1,1,1,1,1,63.9,47.9,72,45.4,72,48.5,67.1,44.5,1,63.9,45.4
39,2023-06-11T03:10:00-04:00,6/11/2023 3:10,60.4,60.4,51.3,0,0,3.4,46,0,0,0,0,0.02,105.91,30.19,72,0,0,67.3,44,63.7,56,73,37,72.9,42,63.9,51,64.4,28.88,1,1,1,1,1,1,63.7,47.7,71.7,45.2,71.9,48.4,67.3,44.6,1,63.9,45.4
40,2023-06-11T03:15:00-04:00,6/11/2023 3:15,60.8,60.8,51.7,0,0,3.4,46,0,0,0,0,0.02,105.91,30.19,72,0,0,67.3,44,63.5,57,73,37,72.9,42,63.9,51,64.4,28.88,1,1,1,1,1,1,63.5,48,71.7,45.2,71.9,48.4,67.3,44.6,1,63.9,45.4
41,2023-06-11T03:20:00-04:00,6/11/2023 3:20,61,61,51.9,0,0,3.4,46,0,0,0,0,0.02,105.91,30.19,72,0,0,67.3,44,63.3,57,73,37,72.9,42,63.9,51,64.6,28.88,1,1,1,1,1,1,63.3,47.8,71.7,45.2,71.9,48.4,67.3,44.6,1,63.9,45.4
42,2023-06-11T03:25:00-04:00,6/11/2023 3:25,61.2,61.2,52.1,0,0,3.4,46,0,0,0,0,0.02,105.91,30.2,72,0,0,67.1,44,63.3,57,73,37,72.9,42,63.9,51,64.6,28.89,1,1,1,1,1,1,63.3,47.8,71.7,45.2,71.9,48.4,67.1,44.5,1,63.9,45.4
43,2023-06-11T03:30:00-04:00,6/11/2023 3:30,61.3,61.3,52.2,0,0,3.4,46,0,0,0,0,0.02,105.91,30.19,72,0,0,67.1,44,63.1,58,73,37,72.9,42,,,64.6,28.88,1,1,1,1,1,1,63.1,48.1,71.7,45.2,71.9,48.4,67.1,44.5,,,
44,2023-06-11T03:35:00-04:00,6/11/2023 3:35,61.9,61.9,52.4,0,0,3.4,46,0,0,0,0,0.02,105.91,30.19,71,0,0,67.1,44,63,58,72.9,37,72.9,42,63.9,51,64.6,28.88,1,1,1,1,1,1,63,48,71.6,45.1,71.9,48.4,67.1,44.5,1,63.9,45.4
45,2023-06-11T03:40:00-04:00,6/11/2023 3:40,61.9,61.9,52.4,0,0,3.4,46,0,0,0,0,0.02,105.91,30.19,71,0,0,67.1,44,63,58,72.9,37,72.9,42,63.9,51,64.6,28.88,1,1,1,1,1,1,63,48,71.6,45.1,71.9,48.4,67.1,44.5,1,63.9,45.4
46,2023-06-11T03:45:00-04:00,6/11/2023 3:45,61.9,61.9,52.8,0,0,3.4,46,0,0,0,0,0.02,105.91,30.19,72,0,0,67.1,44,62.8,58,72.9,37,72.9,42,,,64.6,28.88,1,1,1,1,1,1,62.8,47.8,71.6,45.1,71.9,48.4,67.1,44.5,,,
47,2023-06-11T03:50:00-04:00,6/11/2023 3:50,62.4,62.4,52.9,0,0,3.4,47,0,0,0,0,0.02,105.91,30.19,71,0,0,67.1,44,62.8,58,72.9,37,72.9,42,63.9,51,64.6,28.88,1,1,1,1,1,1,62.8,47.8,71.6,45.1,71.9,48.4,67.1,44.5,1,63.9,45.4
48,2023-06-11T03:55:00-04:00,6/11/2023 3:55,62.4,62.4,52.9,0,0,3.4,46,0,0,0,0,0.02,105.91,30.19,71,0,0,67.1,44,62.6,58,72.7,37,72.9,42,63.9,51,64.6,28.88,1,1,1,1,1,1,62.6,47.6,71.4,44.9,71.9,48.4,67.1,44.5,1,63.9,45.4
49,2023-06-11T04:00:00-04:00,6/11/2023 4:00,62.4,62.4,52.9,0,0,3.4,47,0,0,0,0,0.02,105.91,30.19,71,0,0,67.1,44,62.6,58,72.7,37,72.7,42,,,64.6,28.88,1,1,1,1,1,1,62.6,47.6,71.4,44.9,71.6,48.3,67.1,44.5,,,
50,2023-06-11T04:05:00-04:00,6/11/2023 4:05,62.1,62.1,53,0,0,3.4,46,0,0,0,0,0.02,105.91,30.18,72,0,0,67.1,44,62.4,59,72.7,37,72.7,42,,,64.6,28.87,1,1,1,1,1,1,62.4,47.9,71.4,44.9,71.6,48.3,67.1,44.5,,,
51,2023-06-11T04:10:00-04:00,6/11/2023 4:10,62.2,62.2,53.1,0,0,3.4,47,0,0,0,0,0.02,105.91,30.19,72,0,0,67.1,44,62.2,59,72.7,37,72.5,42,64,51,64.6,28.88,1,1,1,1,1,1,62.2,47.7,71.4,44.9,71.4,48.1,67.1,44.5,1,64,45.5
52,2023-06-11T04:15:00-04:00,6/11/2023 4:15,62.2,62.2,53.1,0,0,3.4,46,0,0,0,0,0.02,105.91,30.19,72,0,0,67.1,44,62.2,59,72.7,37,72.5,42,63.9,51,64.6,28.88,1,1,1,1,1,1,62.2,47.7,71.4,44.9,71.4,48.1,67.1,44.5,1,63.9,45.4
53,2023-06-11T04:20:00-04:00,6/11/2023 4:20,62.4,62.4,53.3,0,0,3.4,47,0,0,0,0,0.02,105.91,30.19,72,0,0,67.1,44,62.1,59,72.5,37,72.3,42,63.9,51,64.6,28.88,1,1,1,1,1,1,62.1,47.6,71.2,44.7,71.2,47.9,67.1,44.5,1,63.9,45.4
54,2023-06-11T04:25:00-04:00,6/11/2023 4:25,62.8,62.8,53.3,0.2,1.1,3.4,51,0,0,0,0,0.02,105.91,30.19,71,0,0,67.3,44,62.1,59,72.5,37,72.1,42,64,51,64.6,28.88,1,1,1,1,1,1,62.1,47.6,71.2,44.7,71,47.7,67.3,44.6,1,64,45.5
55,2023-06-11T04:30:00-04:00,6/11/2023 4:30,62.4,62.4,53.3,0,0,3.4,50,0,0,0,0,0.02,105.91,30.19,72,0,0,67.3,44,62.1,59,72.5,37,72.1,42,64,51,64.6,28.88,1,1,1,1,1,1,62.1,47.6,71.2,44.7,71,47.7,67.3,44.6,1,64,45.5
56,2023-06-11T04:35:00-04:00,6/11/2023 4:35,62.1,62.1,53,0,0,3.4,50,0,0,0,0,0.02,105.91,30.19,72,0,0,67.3,44,61.9,59,72.5,37,72.3,42,64,51,64.6,28.88,1,1,1,1,1,1,61.9,47.4,71.2,44.7,71.2,47.9,67.3,44.6,1,64,45.5
57,2023-06-11T04:40:00-04:00,6/11/2023 4:40,62.2,62.2,53.1,0,0,3.4,50,0,0,0,0,0.02,105.91,30.19,72,0,0,67.3,44,61.9,59,72.3,37,72.3,42,,,64.6,28.88,1,1,1,1,1,1,61.9,47.4,71,44.6,71.2,47.9,67.3,44.6,,,
58,2023-06-11T04:45:00-04:00,6/11/2023 4:45,62.1,62.1,53.3,0.2,1.1,3.4,52,0,0,0,0,0.02,105.91,30.19,73,0,0,67.3,44,61.7,60,72.3,37,72.3,42,,,64.6,28.88,1,1,1,1,1,1,61.7,47.7,71,44.6,71.2,47.9,67.3,44.6,,,
59,2023-06-11T04:50:00-04:00,6/11/2023 4:50,62.1,62.1,53.3,0,0,3.4,52,0,0,0,0,0.02,105.91,30.19,73,0,0,67.3,44,61.7,60,72.3,37,72.3,42,,,64.8,28.88,1,1,1,1,1,1,61.7,47.7,71,44.6,71.2,47.9,67.3,44.6,,,
60,2023-06-11T04:55:00-04:00,6/11/2023 4:55,61.9,61.9,53.5,0,0,3.4,45,0,0,0,0,0.02,105.91,30.2,74,0,0,67.3,44,61.5,60,72.1,37,72.1,42,,,64.8,28.89,1,1,1,1,1,1,61.5,47.5,70.7,44.4,71,47.7,67.3,44.6,,,
61,2023-06-11T05:00:00-04:00,6/11/2023 5:00,62.1,62.1,53.7,0.2,1.1,3.4,52,0,0,0,0,0.02,105.91,30.19,74,0,0,67.3,44,61.5,60,72.1,37,72.1,42,,,64.8,28.88,1,1,1,1,1,1,61.5,47.5,70.7,44.4,71,47.7,67.3,44.6,,,
62,2023-06-11T05:05:00-04:00,6/11/2023 5:05,61.9,61.9,53.5,0,0,3.4,48,0,0,0,0,0.02,105.91,30.2,74,0,0,67.3,44,61.5,60,72.1,37,72,42,,,64.8,28.89,1,1,1,1,1,1,61.5,47.5,70.7,44.4,70.9,47.6,67.3,44.6,,,
63,2023-06-11T05:10:00-04:00,6/11/2023 5:10,61.9,61.9,53.5,0,0,3.4,47,0,0,0,0,0.02,105.91,30.19,74,0,0,67.3,44,61.5,60,72.1,37,72,42,,,64.8,28.88,1,1,1,1,1,1,61.5,47.5,70.7,44.4,70.9,47.6,67.3,44.6,,,
64,2023-06-11T05:15:00-04:00,6/11/2023 5:15,61.7,61.7,54.1,0.2,1.1,3.4,50,0,0,0,0,0.02,105.91,30.19,76,0,0,67.1,45,61.3,60,72.1,37,72,42,64,51,64.8,28.88,1,1,1,1,1,1,61.3,47.3,70.7,44.4,70.9,47.6,67.1,45,1,64,45.5
65,2023-06-11T05:20:00-04:00,6/11/2023 5:20,62.1,62.1,54.1,0,0,3.4,46,0,0,0,0,0.02,105.91,30.19,75,0,0,67.1,45,61.3,61,72,37,72,43,64,51,64.8,28.88,1,1,1,1,1,1,61.3,47.7,70.6,44.3,70.9,48.3,67.1,45,1,64,45.5
66,2023-06-11T05:25:00-04:00,6/11/2023 5:25,61.9,61.9,54.2,0.2,1.1,3.4,46,0,0,0,0,0.02,105.91,30.2,76,0,0,67.1,45,61.3,61,72,37,72,43,,,64.8,28.89,1,1,1,1,1,1,61.3,47.7,70.6,44.3,70.9,48.3,67.1,45,,,
67,2023-06-11T05:30:00-04:00,6/11/2023 5:30,61.7,61.7,54.1,0,0,3.4,44,0,0,0,0,0.02,105.91,30.19,76,0,0,67.1,45,61.3,61,72,37,72,43,,,64.8,28.88,1,1,1,1,1,1,61.3,47.7,70.6,44.3,70.9,48.3,67.1,45,,,
68,2023-06-11T05:35:00-04:00,6/11/2023 5:35,61.2,61.2,53.9,0,0,3.4,44,0,0,0,0,0.02,105.91,30.19,77,0,0,67.1,45,61.2,61,72,37,72,43,,,64.8,28.88,1,1,1,1,1,1,61.2,47.6,70.6,44.3,70.9,48.3,67.1,45,,,
69,2023-06-11T05:40:00-04:00,6/11/2023 5:40,60.6,60.6,53.7,0,0,3.4,40,0,0,0,0,0.02,105.91,30.19,78,0,0.8,67.1,45,61.2,61,72,37,72,42,,,64.6,28.88,1,1,1,1,1,1,61.2,47.6,70.6,44.3,70.9,47.6,67.1,45,,,
70,2023-06-11T05:45:00-04:00,6/11/2023 5:45,60.6,60.6,53.7,0,0,3.4,41,0,0,0,0,0.02,105.91,30.2,78,0,1.7,67.1,45,61.2,62,72,37,72,43,,,64.6,28.89,1,1,1,1,1,1,61.2,48.1,70.6,44.3,70.9,48.3,67.1,45,,,
71,2023-06-11T05:50:00-04:00,6/11/2023 5:50,60.3,60.3,53.8,0,0,3.4,45,0,0,0,0,0.02,105.91,30.2,79,0,4.3,67.1,45,61,62,71.8,37,72,42,,,64.6,28.89,1,1,1,1,1,1,61,47.9,70.4,44.1,70.9,47.6,67.1,45,,,
72,2023-06-11T05:55:00-04:00,6/11/2023 5:55,60.3,60.3,53.8,0,0,3.4,45,0,0,0,0,0.02,105.91,30.2,79,0,6.5,67.1,45,61,62,71.8,37,72,42,64,51,64.6,28.89,1,1,1,1,1,1,61,47.9,70.4,44.1,70.9,47.6,67.1,45,1,64,45.5
73,2023-06-11T06:00:00-04:00,6/11/2023 6:00,60.3,60.3,53.8,0,0,3.4,45,0,0,0,0,0.02,105.91,30.19,79,0,9.5,67.1,45,61,62,71.8,37,72,42,64,51,64.6,28.88,1,1,1,1,1,1,61,47.9,70.4,44.1,70.9,47.6,67.1,45,1,64,45.5
74,2023-06-11T06:05:00-04:00,6/11/2023 6:05,60.1,60.1,53.6,0,0,3.4,45,0,0,0,0,0.02,105.91,30.2,79,0,12.5,67.3,45,61,62,71.8,37,71.8,42,64,51,64.6,28.89,1,1,1,1,1,1,61,47.9,70.4,44.1,70.7,47.5,67.3,45.2,1,64,45.5
75,2023-06-11T06:10:00-04:00,6/11/2023 6:10,60.1,60.1,53.6,0,0,3.4,45,0,0,0,0,0.02,105.91,30.2,79,0,15.5,67.3,45,61,62,71.6,37,71.6,42,,,64.6,28.89,1,1,1,1,1,1,61,47.9,70.2,43.9,70.4,47.3,67.3,45.2,,,
76,2023-06-11T06:15:00-04:00,6/11/2023 6:15,59.9,59.9,53.7,0,0,3.4,44,0,0,0,0,0.02,105.91,30.2,80,0,19.4,67.3,45,61,63,71.6,37,71.6,42,64,51,64.6,28.89,1,1,1,1,1,1,61,48.3,70.2,43.9,70.4,47.3,67.3,45.2,1,64,45.5
77,2023-06-11T06:20:00-04:00,6/11/2023 6:20,60.1,60.1,54.2,0,0,3.4,44,0,0,0,0,0.02,105.91,30.2,81,0,23.4,67.3,45,61,63,71.6,37,71.4,42,64,51,64.6,28.9,1,1,1,1,1,1,61,48.3,70.2,43.9,70.2,47.1,67.3,45.2,1,64,45.5
78,2023-06-11T06:25:00-04:00,6/11/2023 6:25,60.3,60.3,54.4,0,0,3.4,44,0,0,0,0,0.02,105.91,30.2,81,0,29,67.3,45,61.2,63,71.6,37,71.4,43,,,64.6,28.9,1,1,1,1,1,1,61.2,48.5,70.2,43.9,70.3,47.7,67.3,45.2,,,
79,2023-06-11T06:30:00-04:00,6/11/2023 6:30,60.4,60.4,54.5,0,0,3.4,46,0,0,0,0,0.02,105.91,30.2,81,0,32.9,67.5,45,61.2,64,71.6,37,71.4,43,63.9,51,64.6,28.89,1,1,1,1,1,1,61.2,48.9,70.2,43.9,70.3,47.7,67.5,45.4,1,63.9,45.4
80,2023-06-11T06:35:00-04:00,6/11/2023 6:35,60.8,60.8,54.6,0,0,3.4,45,0,0,0,0,0.02,105.91,30.2,80,0,36,67.5,45,61.3,64,71.4,37,71.2,43,63.9,51,64.6,28.89,1,1,1,1,1,1,61.3,49,70,43.8,70,47.5,67.5,45.4,1,63.9,45.4
81,2023-06-11T06:40:00-04:00,6/11/2023 6:40,60.8,60.8,54.9,0,0,3.4,45,0,0,0,0,0.02,105.91,30.2,81,0,39.9,67.5,45,61.5,64,71.4,37,71.4,43,63.9,51,64.6,28.89,1,1,1,1,1,1,61.5,49.2,70,43.8,70.3,47.7,67.5,45.4,1,63.9,45.4
82,2023-06-11T06:45:00-04:00,6/11/2023 6:45,61.2,61.2,55,0,0,3.4,45,0,0,0,0,0.02,105.91,30.2,80,0,43.3,67.5,45,61.7,64,71.4,37,71.4,43,63.9,51,64.6,28.89,1,1,1,1,1,1,61.7,49.4,70,43.8,70.3,47.7,67.5,45.4,1,63.9,45.4
83,2023-06-11T06:50:00-04:00,6/11/2023 6:50,62.1,62.1,55.5,0,0,3.4,46,0,0,0,0,0.02,105.91,30.2,79,0,47.2,67.5,45,62.1,64,71.4,37,71.4,43,64,51,64.6,28.89,1,1,1,1,1,1,62.1,49.8,70,43.8,70.3,47.7,67.5,45.4,1,64,45.5
84,2023-06-11T06:55:00-04:00,6/11/2023 6:55,62.8,62.8,55.5,0,0,3.4,51,0,0,0,0,0.02,105.91,30.2,77,0,52.9,67.5,45,62.2,65,71.4,37,71.6,43,63.9,51,64.6,28.9,1,1,1,1,1,1,62.2,50.3,70,43.8,70.5,47.9,67.5,45.4,1,63.9,45.4
85,2023-06-11T07:00:00-04:00,6/11/2023 7:00,63.5,63.5,55.8,0.2,1.1,3.4,52,0,0,0,0,0.02,105.91,30.2,76,0,59.3,67.5,45,62.4,65,71.4,37,71.4,42,64,51,64.6,28.89,1,1,1,1,1,1,62.4,50.5,70,43.8,70.2,47.1,67.5,45.4,1,64,45.5
86,2023-06-11T07:05:00-04:00,6/11/2023 7:05,64.4,64.4,55.9,0,0,3.4,52,0,0,0,0,0.02,105.91,30.2,74,0,66.8,67.5,45,62.8,65,71.2,37,71.4,42,64,51,64.8,28.9,1,1,1,1,1,1,62.8,50.9,69.8,43.6,70.2,47.1,67.5,45.4,1,64,45.5
87,2023-06-11T07:10:00-04:00,6/11/2023 7:10,65.8,65.8,56.1,0,0,3.4,42,0,0,0,0,0.02,105.91,30.2,71,0,71.6,67.5,45,63.1,65,71.2,37,71.2,43,64,51,64.8,28.9,1,1,1,1,1,1,63.1,51.1,69.8,43.6,70,47.5,67.5,45.4,1,64,45.5
88,2023-06-11T07:15:00-04:00,6/11/2023 7:15,66.4,66.4,56.7,0,0,3.4,51,0,0,0,0,0.02,105.91,30.21,71,0,74.5,67.5,45,63.5,64,71.2,37,71.2,43,64,51,64.8,28.9,1,1,1,1,1,1,63.5,51.1,69.8,43.6,70,47.5,67.5,45.4,1,64,45.5
89,2023-06-11T07:20:00-04:00,6/11/2023 7:20,67.1,67.1,57,0,0,3.4,50,0,0,0,0,0.02,105.91,30.21,70,0,79.8,67.5,45,64,64,71.2,37,71.2,43,64,51,64.8,28.91,1,1,1,1,1,1,64,51.6,69.8,43.6,70,47.5,67.5,45.4,1,64,45.5
90,2023-06-11T07:25:00-04:00,6/11/2023 7:25,67.1,67.1,56.6,0.9,1.1,3.4,58,0,0,0,0,0.02,105.91,30.2,69,0,75,67.5,45,64.4,64,71.2,37,71.2,43,64,51,64.8,28.9,1,1,1,1,1,1,64.4,52,69.8,43.6,70,47.5,67.5,45.4,1,64,45.5
91,2023-06-11T07:30:00-04:00,6/11/2023 7:30,66.7,66.7,56.2,0.7,1.1,3.4,51,0,0,0,0,0.02,105.91,30.21,69,1,110.1,67.5,45,64.8,64,71.2,37,71.2,43,64,51,64.8,28.9,1,1,1,1,1,1,64.8,52.3,69.8,43.6,70,47.5,67.5,45.4,1,64,45.5
92,2023-06-11T07:35:00-04:00,6/11/2023 7:35,67.3,67.3,57.2,0.2,1.1,3.4,62,0,0,0,0,0.02,105.91,30.21,70,1,137,67.6,46,65.3,64,71.2,37,71.4,43,64,52,64.8,28.9,1,1,1,1,1,1,65.3,52.8,69.8,43.6,70.3,47.7,67.6,46.1,1,64,46
93,2023-06-11T07:40:00-04:00,6/11/2023 7:40,68,68,57.4,0,0,3.4,46,0,0,0,0,0.02,105.91,30.21,69,1,142.3,67.6,47,65.8,63,71.2,37,71.4,43,64.2,52,64.9,28.91,1,1,1,1,1,1,65.8,52.8,69.8,43.6,70.3,47.7,67.6,46.6,1,64.2,46.2
94,2023-06-11T07:45:00-04:00,6/11/2023 7:45,68.2,68,58,1.3,2.2,3.4,88,0,0,0,0,0.02,105.91,30.21,70,1,153,67.3,47,66.6,63,71.2,37,71.4,43,64.2,52,65.1,28.91,1,1,1,1,1,1,66.6,53.6,69.8,43.6,70.3,47.7,67.3,46.4,1,64.2,46.2
95,2023-06-11T07:50:00-04:00,6/11/2023 7:50,67.6,67.6,57.9,0.7,1.1,3.4,82,0,0,0,0,0.02,105.91,30.22,71,1,163.9,67.3,47,67.1,63,71.2,37,71.4,43,64.4,52,65.3,28.91,1,1,1,1,1,1,67.1,54.1,69.8,43.6,70.3,47.7,67.3,46.4,1,64.4,46.4
96,2023-06-11T07:55:00-04:00,6/11/2023 7:55,68,68,57.8,0,0,3.4,45,0,0,0,0,0.02,105.91,30.21,70,1,181.7,67.3,48,67.6,62,71.2,37,71.2,43,64.4,52,65.5,28.9,1,1,1,1,1,1,67.6,54.1,69.8,43.6,70,47.5,67.3,46.9,1,64.4,46.4
97,2023-06-11T08:00:00-04:00,6/11/2023 8:00,69.6,69.4,58.1,0,0,3.4,43,0,0,0,0,0.02,105.91,30.21,67,1,167.4,67.5,48,68.4,62,71.2,37,71.2,43,64.4,52,65.5,28.9,1,1,1,1,1,1,67.9,54.9,69.8,43.6,70,47.5,67.5,47.1,1,64.4,46.4
98,2023-06-11T08:05:00-04:00,6/11/2023 8:05,70.7,70.5,58.3,0,0,3.4,47,0,0,0,0,0.02,105.91,30.21,65,2,211.6,67.5,48,69.1,62,71.2,37,71.2,43,64.4,52,65.5,28.9,1,1,1,1,1,1,68.6,55.5,69.8,43.6,70,47.5,67.5,47.1,1,64.4,46.4
99,2023-06-11T08:10:00-04:00,6/11/2023 8:10,71.8,71.6,58.5,0,0,3.4,41,0,0,0,0,0.02,105.91,30.21,63,2,227.7,67.6,48,69.6,61,71.2,37,71.2,43,64.4,52,65.5,28.9,1,1,1,1,1,1,69.1,55.5,69.8,43.6,70,47.5,67.6,47.2,1,64.4,46.4
100,2023-06-11T08:15:00-04:00,6/11/2023 8:15,72.3,72.2,59,0.2,1.1,3.4,29,0,0,0,0,0.02,105.91,30.22,63,2,220.3,67.3,47,70.3,61,71.4,37,71.4,43,64.4,52,65.5,28.91,1,1,1,1,1,1,69.9,56.2,70,43.8,70.3,47.7,67.3,46.4,1,64.4,46.4
101,2023-06-11T08:20:00-04:00,6/11/2023 8:20,71.6,71.6,60,0.7,1.1,3.4,38,0,0,0,0,0.02,105.91,30.21,67,2,216.9,67.1,47,70.7,61,71.4,37,71.4,46,64.4,52,65.3,28.9,1,1,1,1,1,1,70.3,56.6,70,43.8,70.4,49.5,67.1,46.2,1,64.4,46.4
102,2023-06-11T08:25:00-04:00,6/11/2023 8:25,70.7,70.7,60,0,0,3.4,37,0,0,0,0,0.02,105.91,30.22,69,2,267.6,67.1,47,71.4,60,71.4,37,71.6,47,64.4,51,65.1,28.91,1,1,1,1,1,1,71.1,56.8,70,43.8,70.7,50.3,67.1,46.2,1,64.4,45.9
103,2023-06-11T08:30:00-04:00,6/11/2023 8:30,71.1,71.1,60,0,0,3.4,37,0,0,0,0,0.02,105.91,30.21,68,2,273.7,67.1,47,71.8,60,71.4,37,71.6,46,64.2,51,65.1,28.9,1,1,1,1,1,1,71.5,57.2,70,43.8,70.6,49.7,67.1,46.2,1,64.2,45.7
104,2023-06-11T08:35:00-04:00,6/11/2023 8:35,72.5,72.5,60.1,0.9,1.1,3.4,52,0,0,0,0,0.02,105.91,30.21,65,2,288.5,67.3,47,72.1,59,71.6,37,71.8,46,64.2,51,65.1,28.9,1,1,1,1,1,1,71.8,57,70.2,43.9,70.8,49.9,67.3,46.4,1,64.2,45.7
105,2023-06-11T08:40:00-04:00,6/11/2023 8:40,72.1,72,59.2,0.2,1.1,3.4,58,0,0,0,0,0.02,105.91,30.21,64,2,289.3,66.9,47,72.7,58,71.6,37,71.8,46,64.2,51,65.1,28.9,1,1,1,1,1,1,72.4,57.1,70.2,43.9,70.8,49.9,66.9,46,1,64.2,45.7
106,2023-06-11T08:45:00-04:00,6/11/2023 8:45,72.7,72.5,58.5,0,0,3.4,51,0,0,0,0,0.02,105.91,30.21,61,2,252.4,66.7,47,73,57,71.6,37,71.8,45,64.2,51,64.9,28.9,1,1,1,1,1,1,72.7,56.9,70.2,43.9,70.8,49.3,66.7,45.8,1,64.2,45.7
107,2023-06-11T08:50:00-04:00,6/11/2023 8:50,72.9,72.9,60,0.2,1.1,3.4,35,0,0,0,0,0.02,105.91,30.21,64,2,288.8,66.9,47,73.4,57,71.6,37,72,45,64,51,64.8,28.9,1,1,1,1,1,1,73.1,57.2,70.2,43.9,71,49.5,66.9,46,1,64,45.5
108,2023-06-11T08:55:00-04:00,6/11/2023 8:55,72.5,72.6,60.9,0,0,3.4,36,0,0,0,0,0.02,105.91,30.22,67,3,321.9,66.9,47,73.8,58,71.8,37,72,45,64,51,64.8,28.91,1,1,1,1,1,1,73.6,58.1,70.4,44.1,71,49.5,66.9,46,1,64,45.5
109,2023-06-11T09:00:00-04:00,6/11/2023 9:00,73.8,73.8,60.4,0,0,3.4,54,0,0,0,0,0.02,105.91,30.21,63,3,361.7,67.1,47,74.1,57,71.8,37,72,45,64,51,64.8,28.91,1,1,1,1,1,1,73.9,57.9,70.4,44.1,71,49.5,67.1,46.2,1,64,45.5
110,2023-06-11T09:05:00-04:00,6/11/2023 9:05,74.7,74.5,58.4,1.3,2.2,3.4,73,0,0,0,0,0.02,105.91,30.22,57,3,393.4,66.7,46,74.5,56,71.8,37,72,45,64,51,64.8,28.91,1,1,1,1,1,1,74.3,57.8,70.4,44.1,71,49.5,66.7,45.3,1,64,45.5
111,2023-06-11T09:10:00-04:00,6/11/2023 9:10,75.7,75.6,58.4,0.9,1.1,3.4,63,0,0,0,0,0.02,105.91,30.22,55,3,403,66.6,46,75,55,71.8,37,72,45,64,51,64.8,28.91,1,1,1,1,1,1,74.8,57.7,70.4,44.1,71,49.5,66.6,45.2,1,64,45.5
112,2023-06-11T09:15:00-04:00,6/11/2023 9:15,77.4,77.4,59.4,0.9,1.1,3.4,50,0,0,0,0,0.02,105.91,30.21,54,4,448.1,66.7,46,75.4,54,72,37,72.1,45,64,52,64.6,28.9,1,1,1,1,1,1,75.2,57.6,70.6,44.3,71.1,49.6,66.7,45.3,1,64,46
113,2023-06-11T09:20:00-04:00,6/11/2023 9:20,76.5,76.7,61.6,1.1,1.1,3.4,37,0,0,0,0,0.02,105.91,30.21,60,4,431.6,66.9,46,75.9,55,72,37,72.1,45,63.9,52,64.6,28.91,1,1,1,1,1,1,75.8,58.6,70.6,44.3,71.1,49.6,66.9,45.4,1,63.9,45.9
114,2023-06-11T09:25:00-04:00,6/11/2023 9:25,75.9,75.9,59.6,0.2,1.1,3.4,39,0,0,0,0,0.02,105.91,30.22,57,4,461.6,66.9,46,76.5,55,72.1,37,72.3,44,64,52,64.8,28.91,1,1,1,1,1,1,76.4,59.1,70.7,44.4,71.3,49.2,66.9,45.4,1,64,46
115,2023-06-11T09:30:00-04:00,6/11/2023 9:30,76.6,76.7,61.2,0.7,1.1,3.4,38,0,0,0,0,0.02,105.91,30.21,59,4,452.9,66.6,46,77,54,72.1,37,72.3,44,63.9,52,64.6,28.91,1,1,1,1,1,1,76.9,59.1,70.7,44.4,71.3,49.2,66.6,45.2,1,63.9,45.9
116,2023-06-11T09:35:00-04:00,6/11/2023 9:35,76.8,77,61.4,1.1,1.1,3.4,26,0,0,0,0,0.02,105.91,30.22,59,4,509.3,66.4,46,77.5,54,72.3,37,72.5,44,63.9,52,64.6,28.91,1,1,1,1,1,1,77.5,59.5,71,44.6,71.5,49.3,66.4,45,1,63.9,45.9
117,2023-06-11T09:40:00-04:00,6/11/2023 9:40,77.4,77.4,59.9,1.1,1.1,3.4,24,0,0,0,0,0.02,105.91,30.22,55,5,527,66.6,46,78.1,51,72.3,37,72.7,44,63.9,52,64.6,28.91,1,1,1,1,1,1,78,58.5,71,44.6,71.7,49.5,66.6,45.2,1,63.9,45.9
118,2023-06-11T09:45:00-04:00,6/11/2023 9:45,79,78.9,57.6,0.2,1.1,3.4,49,0,0,0,0,0.02,105.91,30.22,48,4,511.9,66.7,46,78.6,50,72.5,37,72.7,44,63.9,52,64.6,28.91,1,1,1,1,1,1,78.5,58.4,71.2,44.7,71.7,49.5,66.7,45.3,1,63.9,45.9
119,2023-06-11T09:50:00-04:00,6/11/2023 9:50,79.2,79,56.6,0.7,1.1,3.4,35,0,0,0,0,0.02,105.91,30.22,46,5,553.1,66.4,45,79.3,49,72.5,37,72.9,44,63.9,52,64.6,28.91,1,1,1,1,1,1,79.2,58.5,71.2,44.7,72,49.7,66.4,44.4,1,63.9,45.9
120,2023-06-11T09:55:00-04:00,6/11/2023 9:55,79.7,79.8,59.9,0,0,3.4,41,0,0,0,0,0.02,105.91,30.22,51,5,568.3,66.4,45,79.9,48,72.7,37,72.9,43,63.9,52,64.4,28.91,1,1,1,1,1,1,79.8,58.4,71.4,44.9,71.9,49.1,66.4,44.4,1,63.9,45.9
121,2023-06-11T10:00:00-04:00,6/11/2023 10:00,80.1,80.5,57.4,1.3,2.2,3.4,55,0,0,0,0,0.02,105.91,30.22,46,5,594.3,66.6,45,80.6,48,72.7,37,73,43,63.7,51,64.4,28.91,1,1,1,1,1,1,81.1,59.1,71.4,44.9,72,49.2,66.6,44.6,1,63.7,45.2
122,2023-06-11T10:05:00-04:00,6/11/2023 10:05,80.8,81.3,59.3,0.7,1.1,3.4,60,0,0,0,0,0.02,105.91,30.22,48,4,462.8,66.6,45,81.1,48,73,37,73.2,43,63.7,52,64.4,28.91,1,1,1,1,1,1,81.6,59.5,71.7,45.2,72.2,49.3,66.6,44.6,1,63.7,45.7
123,2023-06-11T10:10:00-04:00,6/11/2023 10:10,80.1,80.7,58.6,2.2,2.2,4.5,31,0,0,0,0,0.02,105.91,30.22,48,5,530.5,66.6,45,81.9,48,73,37,73.2,43,63.7,52,64.4,28.91,1,1,1,1,1,1,82.4,60.3,71.7,45.2,72.2,49.3,66.6,44.6,1,63.7,45.7
124,2023-06-11T10:15:00-04:00,6/11/2023 10:15,79.2,78.8,54.1,1.3,2.2,4.5,71,0,0,0,0,0.02,105.91,30.21,42,5,535.2,66.2,45,82.6,46,73.2,37,73.2,43,63.7,52,64.4,28.91,1,1,1,1,1,1,82.8,59.7,72,45.4,72.2,49.3,66.2,44.2,1,63.7,45.7
125,2023-06-11T10:20:00-04:00,6/11/2023 10:20,80.6,80.6,56,1.1,1.1,4.5,25,0,0,0,0,0.02,105.91,30.21,43,5,526.2,66.4,45,83.5,43,73.4,37,73.2,43,63.7,51,64.4,28.91,1,1,1,1,1,1,83.3,58.6,72.2,45.5,72.2,49.3,66.4,44.4,1,63.7,45.2
126,2023-06-11T10:25:00-04:00,6/11/2023 10:25,79.9,79.8,57.8,0.9,1.1,4.5,30,0,0,0,0,0.02,105.91,30.21,47,5,532.3,66.6,45,84,43,73.6,37,73.6,43,63.7,52,64.4,28.9,1,1,1,1,1,1,83.8,59.1,72.4,45.7,72.7,49.7,66.6,44.6,1,63.7,45.7
127,2023-06-11T10:30:00-04:00,6/11/2023 10:30,80.6,80.6,56,0.2,1.1,4.5,36,0,0,0,0,0.02,105.91,30.22,43,5,543,66.6,44,84.7,42,73.6,37,74.1,43,63.7,52,64.4,28.91,1,1,1,1,1,1,84.4,59,72.4,45.7,73.2,50.2,66.6,44,1,63.7,45.7
128,2023-06-11T10:35:00-04:00,6/11/2023 10:35,81.3,81.1,56,0,0,4.5,39,0,0,0,0,0.02,105.91,30.21,42,5,563,66.2,44,85.6,42,73.8,37,74.5,43,63.7,51,64.2,28.9,1,1,1,1,1,1,85.4,59.8,72.6,45.9,73.7,50.5,66.2,43.6,1,63.7,45.2
129,2023-06-11T10:40:00-04:00,6/11/2023 10:40,81.5,81.4,56.8,2.9,3.4,4.5,248,0,0,0,0,0.02,105.91,30.21,43,5,584.8,66.4,45,86.5,40,73.9,37,75,43,63.5,52,64.4,28.91,1,1,1,1,1,1,86,59.3,72.7,46,74.2,51,66.4,44.4,1,63.5,45.6
130,2023-06-11T10:45:00-04:00,6/11/2023 10:45,81.7,81.2,55,0.9,1.1,4.5,52,0,0,0,0,0.02,105.91,30.21,40,5,513.2,66.7,45,87.4,40,74.1,37,75.4,42,63.7,52,64.6,28.91,1,1,1,1,1,1,87.1,60.1,72.9,46.1,74.6,50.7,66.7,44.7,1,63.7,45.7
131,2023-06-11T10:50:00-04:00,6/11/2023 10:50,81.7,81.4,56.3,0.2,1.1,5.8,44,0,0,0,0,0.02,105.91,30.21,42,4,467.2,66.6,44,88.2,38,74.3,37,75.9,42,63.7,52,64.6,28.91,1,1,1,1,1,1,87.6,59.3,73.2,46.3,75.2,51.1,66.6,44,1,63.7,45.7
132,2023-06-11T10:55:00-04:00,6/11/2023 10:55,81.1,81.3,57.7,2.2,2.2,5.8,114,0,0,0,0,0.02,105.91,30.2,45,5,589.5,66,44,88.9,37,74.5,37,76.1,43,63.9,51,64.8,28.9,1,1,1,1,1,1,88.3,59.2,73.4,46.5,75.4,52,66,43.5,1,63.9,45.4
133,2023-06-11T11:00:00-04:00,6/11/2023 11:00,81.1,81.3,57.7,1.6,2.2,6.9,347,0,0,0,0,0.02,105.91,30.21,45,6,655,66.4,44,89.8,35,74.7,37,76.5,42,63.9,52,65.1,28.9,1,1,1,1,1,1,88.9,58.5,73.6,46.7,75.8,51.7,66.4,43.8,1,63.9,45.9
134,2023-06-11T11:05:00-04:00,6/11/2023 11:05,81.5,81.1,55.5,0.7,1.1,6.9,36,0,0,0,0,0.02,105.91,30.21,41,6,674.9,66.7,44,90.9,37,74.7,37,76.6,42,63.9,52,65.3,28.9,1,1,1,1,1,1,91,61,73.6,46.7,75.9,51.8,66.7,44.1,1,63.9,45.9
135,2023-06-11T11:10:00-04:00,6/11/2023 11:10,82.4,81.9,56.3,2.2,2.2,6.9,102,0,0,0,0,0.02,105.91,30.21,41,6,670.6,66.4,44,91.8,36,75,37,77,42,64,52,65.7,28.9,1,1,1,1,1,1,91.9,61,73.9,46.9,76.4,52.1,66.4,43.8,1,64,46
136,2023-06-11T11:15:00-04:00,6/11/2023 11:15,82,81.9,57.9,2.7,3.4,6.9,209,0,0,0,0,0.02,105.91,30.21,44,6,699.3,66,44,92.5,33,75,37,77.4,41,64,52,65.7,28.9,1,1,1,1,1,1,91.9,59.2,73.9,46.9,76.8,51.8,66,43.5,1,64,46
137,2023-06-11T11:20:00-04:00,6/11/2023 11:20,81.7,81.1,54.3,0.2,1.1,6.9,50,0,0,0,0,0.02,105.91,30.21,39,6,688.9,66.2,44,93.4,34,75.2,37,77.5,41,64.2,51,65.8,28.9,1,1,1,1,1,1,93.6,60.8,74.2,47.1,76.9,51.9,66.2,43.6,1,64.2,45.7
138,2023-06-11T11:25:00-04:00,6/11/2023 11:25,82.2,82.3,58.7,1.8,2.2,6.9,351,0,0,0,0,0.02,105.91,30.21,45,5,559.6,66.4,44,94.3,34,75.4,37,77.7,41,64.2,51,66,28.9,1,1,1,1,1,1,94.9,61.6,74.4,47.3,77.1,52.1,66.4,43.8,1,64.2,45.7
139,2023-06-11T11:30:00-04:00,6/11/2023 11:30,82.4,81.8,55.6,1.1,2.2,6.9,40,0,0,0,0,0.02,105.91,30.21,40,5,570,66,44,95.2,33,75.6,37,77.9,41,64.4,51,66.2,28.9,1,1,1,1,1,1,95.9,61.5,74.6,47.5,77.3,52.3,66,43.5,1,64.4,45.9
140,2023-06-11T11:35:00-04:00,6/11/2023 11:35,82.2,81.9,56.8,1.8,2.2,6.9,47,0,0,0,0,0.02,105.91,30.2,42,5,567.8,65.8,43,95.9,32,75.7,37,78.1,41,64.4,51,66.2,28.9,1,1,1,1,1,1,96.6,61.2,74.7,47.6,77.5,52.5,65.8,42.7,1,64.4,45.9
141,2023-06-11T11:40:00-04:00,6/11/2023 11:40,82.8,82.6,58,1.8,2.2,6.9,79,0,0,0,0,0.02,105.91,30.21,43,6,618.2,65.5,43,96.4,31,76.1,37,78.3,42,64.4,51,66.4,28.9,1,1,1,1,1,1,96.9,60.8,75.1,47.9,77.8,53.3,65.5,42.4,1,64.4,45.9
142,2023-06-11T11:45:00-04:00,6/11/2023 11:45,82.6,82.2,57.2,0,0,6.9,42,0,0,0,0,0.02,105.91,30.2,42,6,635.9,65.8,44,97,33,76.1,37,78.4,41,64.4,51,66.4,28.9,1,1,1,1,1,1,98.8,63.1,75.1,47.9,77.9,52.7,65.8,43.3,1,64.4,45.9
143,2023-06-11T11:50:00-04:00,6/11/2023 11:50,84,83.6,58.4,2.2,3.4,6.9,340,0,0,0,0,0.02,105.91,30.2,42,6,662,65.8,43,97.7,32,76.3,37,78.8,42,64.4,51,66.4,28.89,1,1,1,1,1,1,99.5,62.8,75.4,48.1,78.4,53.7,65.8,42.7,1,64.4,45.9
144,2023-06-11T11:55:00-04:00,6/11/2023 11:55,83.1,82.6,56.9,0.2,1.1,8.1,41,0,0,0,0,0.02,105.91,30.2,41,6,633.3,65.7,43,98.1,30,76.5,37,79,41,64.6,51,66.4,28.89,1,1,1,1,1,1,99.1,61.3,75.6,48.3,78.5,53.3,65.7,42.6,1,64.6,46.1
145,2023-06-11T12:00:00-04:00,6/11/2023 12:00,84,84.1,60.3,2.5,3.4,8.1,282,0,0,0,0,0.02,105.91,30.2,45,6,652.8,65.5,43,98.4,30,76.8,37,79.2,41,64.6,51,66.4,28.89,1,1,1,1,1,1,99.6,61.6,75.9,48.5,78.7,53.4,65.5,42.4,1,64.6,46.1
146,2023-06-11T12:05:00-04:00,6/11/2023 12:05,83.1,82.9,58.3,2.5,4.5,8.1,168,0,0,0,0,0.02,105.91,30.2,43,6,643.7,65.3,43,99,30,77,37,79.3,41,64.6,51,66.4,28.89,1,1,1,1,1,1,100.6,62.1,76.1,48.7,78.9,53.5,65.3,42.2,1,64.6,46.1
147,2023-06-11T12:10:00-04:00,6/11/2023 12:10,83.1,82.6,56.9,5.8,8.1,11.4,189,0,0,0,0,0.02,105.91,30.2,41,5,600.3,65.1,43,99,26,77,37,79.7,40,64.6,51,66.4,28.89,1,1,1,1,1,1,98.6,58.1,76.1,48.7,79.2,53.2,65.1,42,1,64.6,46.1
148,2023-06-11T12:15:00-04:00,6/11/2023 12:15,82.9,82.4,56.8,1.6,2.2,11.4,186,0,0,0,0,0.02,105.91,30.2,41,5,613.8,65.1,43,98.8,28,77.2,37,79.9,39,64.6,50,66.4,28.89,1,1,1,1,1,1,99.3,60,76.4,48.9,79.4,52.7,65.1,42,1,64.6,45.5
149,2023-06-11T12:20:00-04:00,6/11/2023 12:20,82.8,82.3,56.7,3.4,3.4,11.4,77,0,0,0,0,0.02,105.91,30.19,41,5,567.8,64.9,43,98.4,28,77.4,37,79.9,40,64.6,50,66.4,28.88,1,1,1,1,1,1,98.6,59.6,76.6,49.1,79.5,53.4,64.9,41.9,1,64.6,45.5
150,2023-06-11T12:25:00-04:00,6/11/2023 12:25,82.9,82.4,56.8,3.4,4.5,11.4,49,0,0,0,0,0.02,105.91,30.19,41,6,632.8,64.9,43,99,28,77.5,37,80.1,39,64.6,50,66.4,28.88,1,1,1,1,1,1,99.6,60.1,76.7,49.2,79.9,52.9,64.9,41.9,1,64.6,45.5
151,2023-06-11T12:30:00-04:00,6/11/2023 12:30,83.1,82.9,58.3,2.9,4.5,11.4,178,0,0,0,0,0.02,105.91,30.19,43,7,730.5,64.9,43,99,27,77.7,37,80.2,40,64.6,50,66.4,28.88,1,1,1,1,1,1,99.1,59.1,76.9,49.3,80.1,53.7,64.9,41.9,1,64.6,45.5
152,2023-06-11T12:35:00-04:00,6/11/2023 12:35,83.7,83.3,58.1,0.7,1.1,11.4,348,0,0,0,0,0.02,105.91,30.2,42,6,694,64.8,43,99,27,77.9,37,80.4,40,64.6,50,66.4,28.89,1,1,1,1,1,1,99.1,59.1,77.1,49.5,80.2,53.8,64.8,41.8,1,64.6,45.5
153,2023-06-11T12:40:00-04:00,6/11/2023 12:40,84,83.3,57,1.8,3.4,11.4,46,0,0,0,0,0.02,105.91,30.19,40,6,669.8,64.8,43,99.5,27,78.1,37,80.4,40,64.6,50,66.4,28.88,1,1,1,1,1,1,99.9,59.5,77.3,49.7,80.2,53.8,64.8,41.8,1,64.6,45.5
154,2023-06-11T12:45:00-04:00,6/11/2023 12:45,84.7,84.2,58.4,1.8,2.2,11.4,161,0,0,0,0,0.02,105.91,30.19,41,4,453.3,64.8,43,99.7,29,78.3,37,80.6,39,64.6,50,66.6,28.88,1,1,1,1,1,1,101.2,61.7,77.6,49.9,80.3,53.3,64.8,41.8,1,64.6,45.5
155,2023-06-11T12:50:00-04:00,6/11/2023 12:50,84.2,83.3,56.5,3.8,5.8,11.4,115,0,0,0,0,0.02,105.91,30.19,39,6,681.4,64.8,43,99.7,26,78.4,37,80.8,38,64.6,50,66.4,28.88,1,1,1,1,1,1,99.7,58.6,77.7,50,80.3,52.8,64.8,41.8,1,64.6,45.5
156,2023-06-11T12:55:00-04:00,6/11/2023 12:55,83.8,82.9,56.2,3.4,3.4,11.4,23,0,0,0,0,0.02,105.91,30.18,39,6,700.1,64.8,43,99.5,28,78.6,37,80.8,39,64.4,50,66.4,28.87,1,1,1,1,1,1,100.4,60.6,77.9,50.1,80.4,53.5,64.8,41.8,1,64.4,45.4
157,2023-06-11T13:00:00-04:00,6/11/2023 13:00,84.2,83.5,57.2,3.6,4.5,12.5,294,0,0,0,0,0.02,105.91,30.18,40,5,549.5,64.8,43,99.9,26,78.8,37,80.8,38,64.6,50,66.4,28.87,1,1,1,1,1,1,100,58.8,78.1,50.3,80.3,52.8,64.8,41.8,1,64.6,45.5
158,2023-06-11T13:05:00-04:00,6/11/2023 13:05,83.5,83.4,59.3,1.3,2.2,12.5,27,0,0,0,0,0.02,105.91,30.18,44,6,674.6,64.8,43,99.9,28,79,37,80.8,39,64.6,50,66.4,28.87,1,1,1,1,1,1,101,60.9,78.3,50.5,80.4,53.5,64.8,41.8,1,64.6,45.5
159,2023-06-11T13:10:00-04:00,6/11/2023 13:10,83.8,82.9,56.2,3.1,4.5,12.5,183,0,0,0,0,0.02,105.91,30.18,39,7,721.8,64.6,43,100.4,27,79.2,37,81,38,64.6,50,66.4,28.87,1,1,1,1,1,1,101.3,60.3,78.6,50.7,80.5,53,64.6,41.6,1,64.6,45.5
160,2023-06-11T13:15:00-04:00,6/11/2023 13:15,85.5,84.2,55.5,3.6,4.5,12.5,182,0,0,0,0,0.02,105.91,30.17,36,6,690.6,64.6,43,100.4,24,79.2,37,81.3,36,64.6,50,66.4,28.86,1,1,1,1,1,1,99.7,57,78.6,50.7,80.5,51.8,64.6,41.6,1,64.6,45.5
161,2023-06-11T13:20:00-04:00,6/11/2023 13:20,83.7,82.8,56.1,6.5,9.2,12.5,132,0,0,0,0,0.02,105.91,30.17,39,3,334.5,64.6,43,100.2,24,79.3,37,81.3,37,64.4,50,66.4,28.86,1,1,1,1,1,1,99.4,56.8,78.7,50.7,80.6,52.5,64.6,41.6,1,64.4,45.4
162,2023-06-11T13:25:00-04:00,6/11/2023 13:25,83.1,82.3,55.5,5.4,6.9,12.5,152,0,0,0,0,0.02,105.91,30.18,39,2,242.5,64.6,43,99.9,25,79.7,36,81.3,37,64.4,50,66.4,28.87,1,1,1,1,1,1,99.5,57.7,79.1,50.4,80.6,52.5,64.6,41.6,1,64.4,45.4
163,2023-06-11T13:30:00-04:00,6/11/2023 13:30,81.5,81,54.8,0.7,1.1,12.5,29,0,0,0,0,0.02,105.91,30.17,40,2,247.2,64.6,43,99.5,27,79.7,36,81.3,38,64.4,50,66.4,28.86,1,1,1,1,1,1,99.9,59.5,79.1,50.4,80.7,53.2,64.6,41.6,1,64.4,45.4
164,2023-06-11T13:35:00-04:00,6/11/2023 13:35,82.9,82,54.7,2.2,2.2,12.5,94,0,0,0,0,0.02,105.91,30.17,38,6,673.7,64.6,43,99.5,26,79.9,36,81.3,38,64.6,50,66.4,28.86,1,1,1,1,1,1,99.4,58.5,79.3,50.5,80.7,53.2,64.6,41.6,1,64.6,45.5
165,2023-06-11T13:40:00-04:00,6/11/2023 13:40,84.6,83.7,56.9,2.2,3.4,12.5,31,0,0,0,0,0.02,105.91,30.17,39,4,511.9,64.6,43,100.2,28,80.1,36,81.5,38,64.4,50,66.4,28.86,1,1,1,1,1,1,101.5,61.1,79.7,50.7,80.8,53.4,64.6,41.6,1,64.4,45.4
166,2023-06-11T13:45:00-04:00,6/11/2023 13:45,83.8,83.2,57.6,2.9,4.5,12.5,346,0,0,0,0,0.02,105.91,30.16,41,3,384.3,64.6,43,100.4,26,80.2,36,81.5,36,64.6,50,66.4,28.86,1,1,1,1,1,1,100.7,59.2,79.7,50.8,80.6,51.9,64.6,41.6,1,64.6,45.5
167,2023-06-11T13:50:00-04:00,6/11/2023 13:50,82.9,82.2,56.1,2.2,2.2,12.5,212,0,0,0,0,0.02,105.91,30.16,40,2,289.7,64.4,43,100,25,80.2,36,81.7,36,64.6,50,66.4,28.86,1,1,1,1,1,1,99.6,57.8,79.7,50.8,80.8,52.1,64.4,41.4,1,64.6,45.5
168,2023-06-11T13:55:00-04:00,6/11/2023 13:55,83.7,83,56.8,1.8,2.2,12.5,335,0,0,0,0,0.02,105.91,30.16,40,2,294.9,64.6,43,100,27,80.4,36,81.5,37,64.4,50,66.4,28.85,1,1,1,1,1,1,100.6,60,79.9,51,80.7,52.7,64.6,41.6,1,64.4,45.4
169,2023-06-11T14:00:00-04:00,6/11/2023 14:00,82.8,82.2,56,4.7,6.9,12.5,167,0,0,0,0,0.02,105.91,30.16,40,2,234.2,64.4,43,99.5,25,80.6,36,81.5,37,64.6,50,66.4,28.85,1,1,1,1,1,1,98.9,57.4,80,51.2,80.7,52.7,64.4,41.4,1,64.6,45.5
170,2023-06-11T14:05:00-04:00,6/11/2023 14:05,82.8,82.2,56,1.6,2.2,12.5,204,0,0,0,0,0.02,105.91,30.16,40,7,738.3,64.4,43,99,25,80.8,36,81.5,36,64.6,50,66.4,28.86,1,1,1,1,1,1,98.2,57,80.1,51.3,80.6,51.9,64.4,41.4,1,64.6,45.5
171,2023-06-11T14:10:00-04:00,6/11/2023 14:10,84.7,83.8,57,4,6.9,12.5,17,0,0,0,0,0.02,105.91,30.16,39,7,724.4,64.4,43,98.8,25,81,36,81.7,36,64.4,50,66.2,28.85,1,1,1,1,1,1,97.9,56.8,80.3,51.5,80.8,52.1,64.4,41.4,1,64.4,45.4
172,2023-06-11T14:15:00-04:00,6/11/2023 14:15,84.2,83.3,56.5,5.4,8.1,12.5,218,0,0,0,0,0.02,105.91,30.15,39,6,642.9,64.4,43,98.6,25,81,36,81.9,37,64.4,50,66.2,28.84,1,1,1,1,1,1,97.6,56.6,80.3,51.5,81,53,64.4,41.4,1,64.4,45.4
173,2023-06-11T14:20:00-04:00,6/11/2023 14:20,84.6,83.7,56.9,3.8,4.5,12.5,173,0,0,0,0,0.02,105.91,30.16,39,6,698.4,64.4,43,98.8,27,81.1,36,82,37,64.4,49,66.2,28.85,1,1,1,1,1,1,98.8,58.9,80.4,51.6,81.1,53.1,64.4,41.4,1,64.4,44.8
174,2023-06-11T14:25:00-04:00,6/11/2023 14:25,84.9,84.2,57.9,1.3,2.2,12.5,29,0,0,0,0,0.02,105.91,30.15,40,6,671.9,64.4,43,99.3,28,81.3,36,82,37,64.4,49,66.2,28.84,1,1,1,1,1,1,100,60.4,80.5,51.8,81.1,53.1,64.4,41.4,1,64.4,44.8
175,2023-06-11T14:30:00-04:00,6/11/2023 14:30,85.1,84.1,56.6,9.2,11.4,12.5,165,0,0,0,0,0.02,105.91,30.15,38,4,470.1,64.4,43,99.7,24,81.3,36,82.2,37,64.4,49,66.2,28.84,1,1,1,1,1,1,98.7,56.4,80.5,51.8,81.3,53.3,64.4,41.4,1,64.4,44.8
176,2023-06-11T14:35:00-04:00,6/11/2023 14:35,83.5,82.8,56.6,5.8,6.9,12.5,187,0,0,0,0,0.02,105.91,30.15,40,6,638.1,64.4,43,99.3,25,81.5,36,82.2,36,64.4,49,66,28.84,1,1,1,1,1,1,98.6,57.2,80.6,51.9,81.2,52.6,64.4,41.4,1,64.4,44.8
177,2023-06-11T14:40:00-04:00,6/11/2023 14:40,85.1,84.1,56.6,4,5.8,12.5,34,0,0,0,0,0.02,105.91,30.15,38,6,681,64.4,42,99.7,26,81.5,36,82.4,36,64.4,49,66.2,28.84,1,1,1,1,1,1,99.7,58.6,80.6,51.9,81.3,52.7,64.4,40.8,1,64.4,44.8
178,2023-06-11T14:45:00-04:00,6/11/2023 14:45,84.7,84.2,58.4,4,6.9,12.5,202,0,0,0,0,0.02,105.91,30.14,41,2,249.4,64.4,42,99.7,26,81.7,36,82.4,37,64.2,49,66,28.84,1,1,1,1,1,1,99.7,58.6,80.8,52.1,81.4,53.5,64.4,40.8,1,64.2,44.6
179,2023-06-11T14:50:00-04:00,6/11/2023 14:50,83.5,83.1,58,6.3,8.1,12.5,207,0,0,0,0,0.02,105.91,30.14,42,4,443.7,64.4,42,99.3,25,81.9,36,82.4,37,64.2,49,66,28.83,1,1,1,1,1,1,98.6,57.2,80.9,52.3,81.4,53.5,64.4,40.8,1,64.2,44.6
180,2023-06-11T14:55:00-04:00,6/11/2023 14:55,84.6,84.1,58.3,2.7,3.4,12.5,270,0,0,0,0,0.02,105.91,30.15,41,5,557,64.4,42,99.3,25,81.9,36,82.4,38,64.2,49,66,28.84,1,1,1,1,1,1,98.6,57.2,80.9,52.3,81.6,54.2,64.4,40.8,1,64.2,44.6
181,2023-06-11T15:00:00-04:00,6/11/2023 15:00,84.2,83.7,57.9,1.6,2.2,12.5,35,0,0,0,0,0.02,105.91,30.14,41,3,310.6,64.2,42,99.7,28,82,36,82.4,38,64.2,49,66,28.83,1,1,1,1,1,1,100.7,60.7,81,52.4,81.6,54.2,64.2,40.6,1,64.2,44.6
182,2023-06-11T15:05:00-04:00,6/11/2023 15:05,84.9,84.4,58.5,2.5,3.4,12.5,222,0,0,0,0,0.02,105.91,30.14,41,2,282.4,64.4,42,100.2,26,82,36,82.6,38,64.2,49,66,28.83,1,1,1,1,1,1,100.4,59.1,81,52.4,81.7,54.4,64.4,40.8,1,64.2,44.6
183,2023-06-11T15:10:00-04:00,6/11/2023 15:10,84,83.4,57.7,2.9,3.4,12.5,172,0,0,0,0,0.02,105.91,30.14,41,2,234.6,64.4,42,99.7,25,82.2,35,82.6,37,64.2,49,66,28.84,1,1,1,1,1,1,99.2,57.5,81.1,51.8,81.6,53.7,64.4,40.8,1,64.2,44.6
184,2023-06-11T15:15:00-04:00,6/11/2023 15:15,82.8,82,55.3,4,6.9,12.5,200,0,0,0,0,0.02,105.91,30.14,39,1,197.3,64.4,42,98.6,25,82.4,35,82.4,36,64,49,66,28.83,1,1,1,1,1,1,97.6,56.6,81.2,52,81.3,52.7,64.4,40.8,1,64,44.5
185,2023-06-11T15:20:00-04:00,6/11/2023 15:20,82,81.5,55.3,2,3.4,12.5,47,0,0,0,0,0.02,105.91,30.14,40,5,527.5,64.4,42,97.9,24,82.4,35,82.4,35,64,49,66,28.83,1,1,1,1,1,1,96.2,54.9,81.2,52,81.2,52,64.4,40.8,1,64,44.5
186,2023-06-11T15:25:00-04:00,6/11/2023 15:25,85.5,84.2,55.5,6.5,10.3,12.5,127,0,0,0,0,0.02,105.91,30.13,36,4,499.7,64.4,42,98.2,24,82.4,35,82.4,35,64,49,65.8,28.82,1,1,1,1,1,1,96.6,55.2,81.2,52,81.2,52,64.4,40.8,1,64,44.5
187,2023-06-11T15:30:00-04:00,6/11/2023 15:30,84.7,83.7,56.2,1.8,2.2,12.5,162,0,0,0,0,0.02,105.91,30.13,38,4,499.3,64.4,42,98.8,25,82.6,35,82.6,35,64,49,65.8,28.82,1,1,1,1,1,1,97.9,56.8,81.4,52.1,81.4,52.1,64.4,40.8,1,64,44.5
188,2023-06-11T15:35:00-04:00,6/11/2023 15:35,86.7,85.2,55.7,2.2,3.4,12.5,326,0,0,0,0,0.02,105.91,30.13,35,3,331.8,64.4,42,99.5,25,82.6,35,82.9,34,64,49,65.8,28.82,1,1,1,1,1,1,98.9,57.4,81.4,52.1,81.5,51.6,64.4,40.8,1,64,44.5
189,2023-06-11T15:40:00-04:00,6/11/2023 15:40,85.5,84.3,56.2,2.2,4.5,12.5,308,0,0,0,0,0.02,105.91,30.13,37,5,526.2,64.4,42,99.7,24,82.8,35,82.9,35,64,49,65.8,28.82,1,1,1,1,1,1,98.7,56.4,81.6,52.3,81.6,52.4,64.4,40.8,1,64,44.5
190,2023-06-11T15:45:00-04:00,6/11/2023 15:45,86.4,85.3,57,4.7,5.8,12.5,87,0,0,0,0,0.02,105.91,30.13,37,4,492.3,64.4,42,100.2,24,82.9,35,83.1,34,64,49,65.8,28.82,1,1,1,1,1,1,99.4,56.8,81.6,52.4,81.7,51.8,64.4,40.8,1,64,44.5
191,2023-06-11T15:50:00-04:00,6/11/2023 15:50,86.2,85.3,57.6,1.3,5.8,12.5,193,0,0,0,0,0.02,105.91,30.12,38,2,285.8,64.4,42,100.8,25,82.9,35,83.1,35,64,49,65.7,28.81,1,1,1,1,1,1,100.8,58.5,81.6,52.4,81.8,52.6,64.4,40.8,1,64,44.5
192,2023-06-11T15:55:00-04:00,6/11/2023 15:55,85.3,84.3,56.8,3.4,4.5,12.5,117,0,0,0,0,0.02,105.91,30.13,38,2,257.6,64.4,42,100.8,23,82.9,35,83.1,35,64,49,65.8,28.82,1,1,1,1,1,1,99.8,56.1,81.6,52.4,81.8,52.6,64.4,40.8,1,64,44.5
193,2023-06-11T16:00:00-04:00,6/11/2023 16:00,84.7,83.7,56.2,5.4,8.1,12.5,123,0,0,0,0,0.02,105.91,30.12,38,4,422.9,64.4,42,100.8,24,83.1,35,83.1,34,63.9,49,65.8,28.82,1,1,1,1,1,1,100.3,57.3,81.8,52.6,81.7,51.8,64.4,40.8,1,63.9,44.4
194,2023-06-11T16:05:00-04:00,6/11/2023 16:05,86.2,84.9,56.1,1.3,2.2,12.5,47,0,0,0,0,0.02,105.91,30.12,36,4,450.2,64.4,42,101.3,24,83.1,35,83.1,35,64,49,65.8,28.82,1,1,1,1,1,1,101.1,57.7,81.8,52.6,81.8,52.6,64.4,40.8,1,64,44.5
195,2023-06-11T16:10:00-04:00,6/11/2023 16:10,86,85,57.4,2.5,3.4,12.5,27,0,0,0,0,0.02,105.91,30.12,38,4,468.9,64.6,42,102.4,24,83.3,35,83.3,36,63.9,49,65.8,28.82,1,1,1,1,1,1,102.8,58.7,82,52.8,82.1,53.5,64.6,41,1,63.9,44.4
196,2023-06-11T16:15:00-04:00,6/11/2023 16:15,86,84.9,56.7,1.8,3.4,12.5,83,0,0,0,0,0.02,105.91,30.12,37,4,471.5,64.6,42,103.6,23,83.3,35,83.3,35,63.9,49,65.7,28.82,1,1,1,1,1,1,104,58.5,82,52.8,82,52.8,64.6,41,1,63.9,44.4
197,2023-06-11T16:20:00-04:00,6/11/2023 16:20,86.4,85.3,57,2.5,4.5,12.5,198,0,0,0,0,0.02,105.91,30.12,37,4,463.6,64.6,42,104.5,25,83.3,35,83.7,35,63.9,49,65.7,28.81,1,1,1,1,1,1,106.8,61.6,82,52.8,82.3,53.1,64.6,41,1,63.9,44.4
198,2023-06-11T16:25:00-04:00,6/11/2023 16:25,85.1,83.8,55.1,4.5,5.8,12.5,180,0,0,0,0,0.02,105.91,30.12,36,3,376.9,64.6,42,104.7,21,83.3,35,83.7,35,63.9,49,65.7,28.81,1,1,1,1,1,1,104.5,56.8,82,52.8,82.3,53.1,64.6,41,1,63.9,44.4
199,2023-06-11T16:30:00-04:00,6/11/2023 16:30,84.7,83.7,56.2,8.3,11.4,12.5,198,0,0,0,0,0.02,105.91,30.12,38,1,175.2,64.6,42,104,22,83.5,35,83.5,35,63.9,49,65.7,28.81,1,1,1,1,1,1,104,57.6,82.1,52.9,82.1,52.9,64.6,41,1,63.9,44.4
200,2023-06-11T16:35:00-04:00,6/11/2023 16:35,83.7,82.8,56.1,4.7,6.9,12.5,214,0,0,0,0,0.02,105.91,30.12,39,4,429,64.6,42,103.3,23,83.5,35,83.3,36,63.9,49,65.7,28.81,1,1,1,1,1,1,103.6,58.2,82.1,52.9,82.1,53.5,64.6,41,1,63.9,44.4
201,2023-06-11T16:40:00-04:00,6/11/2023 16:40,83.3,82.6,56.4,4.5,6.9,12.5,203,0,0,0,0,0.02,105.91,30.11,40,1,143.1,64.6,42,101.7,23,83.7,35,83.1,35,63.9,49,65.7,28.81,1,1,1,1,1,1,101.1,56.9,82.3,53.1,81.8,52.6,64.6,41,1,63.9,44.4
202,2023-06-11T16:45:00-04:00,6/11/2023 16:45,82,81.7,56.6,2.5,3.4,12.5,115,0,0,0,0,0.02,105.91,30.11,42,3,366,64.6,42,100.2,25,83.7,35,83.1,36,63.9,49,65.7,28.8,1,1,1,1,1,1,99.9,58,82.3,53.1,81.9,53.4,64.6,41,1,63.9,44.4
203,2023-06-11T16:50:00-04:00,6/11/2023 16:50,83.5,82.9,57.3,3.8,6.9,12.5,25,0,0,0,0,0.02,105.91,30.12,41,3,362.1,64.6,42,100.6,24,83.7,35,83.1,36,63.9,49,65.7,28.81,1,1,1,1,1,1,100,57.2,82.3,53.1,81.9,53.4,64.6,41,1,63.9,44.4
204,2023-06-11T16:55:00-04:00,6/11/2023 16:55,83.7,83,56.8,2.2,3.4,12.5,27,0,0,0,0,0.02,105.91,30.12,40,2,303.1,64.6,42,100,25,83.8,35,83.1,37,63.9,49,65.7,28.81,1,1,1,1,1,1,99.6,57.8,82.4,53.2,82,54.1,64.6,41,1,63.9,44.4
205,2023-06-11T17:00:00-04:00,6/11/2023 17:00,84,83.3,57,3.1,3.4,12.5,181,0,0,0,0,0.02,105.91,30.11,40,2,271.1,64.6,42,100,25,83.8,35,83.1,36,63.9,49,65.8,28.81,1,1,1,1,1,1,99.6,57.8,82.4,53.2,81.9,53.4,64.6,41,1,63.9,44.4
206,2023-06-11T17:05:00-04:00,6/11/2023 17:05,84.2,83.7,57.9,3.1,4.5,12.5,332,0,0,0,0,0.02,105.91,30.11,41,2,285.4,64.6,42,99.9,26,83.8,35,83.1,36,63.9,49,65.8,28.8,1,1,1,1,1,1,100,58.8,82.4,53.2,81.9,53.4,64.6,41,1,63.9,44.4
207,2023-06-11T17:10:00-04:00,6/11/2023 17:10,83.3,82.9,57.8,4.7,6.9,12.5,29,0,0,0,0,0.02,105.91,30.12,42,1,164.3,64.8,42,99.7,25,84,34,83.1,37,63.9,50,65.8,28.81,1,1,1,1,1,1,99.2,57.5,82.5,52.6,82,54.1,64.8,41.2,1,63.9,44.9
208,2023-06-11T17:15:00-04:00,6/11/2023 17:15,83.3,82.9,57.8,6.7,8.1,12.5,145,0,0,0,0,0.02,105.91,30.11,42,2,298.4,64.8,42,99.1,25,84,34,82.9,36,63.9,50,65.8,28.8,1,1,1,1,1,1,98.3,57,82.5,52.6,81.7,53.2,64.8,41.2,1,63.9,44.9
209,2023-06-11T17:20:00-04:00,6/11/2023 17:20,83.1,82.6,56.9,4,4.5,13.6,223,0,0,0,0,0.02,105.91,30.12,41,2,277.1,64.8,41,98.2,25,84,34,82.9,36,63.9,50,65.8,28.81,1,1,1,1,1,1,97,56.3,82.5,52.6,81.7,53.2,64.8,40.5,1,63.9,44.9
210,2023-06-11T17:25:00-04:00,6/11/2023 17:25,83.1,82.7,57.6,6.3,9.2,13.6,194,0,0,0,0,0.02,105.91,30.12,42,2,247.2,64.8,41,97.9,26,84,34,82.9,37,63.9,50,65.8,28.81,1,1,1,1,1,1,97,57.1,82.5,52.6,81.9,53.9,64.8,40.5,1,63.9,44.9
211,2023-06-11T17:30:00-04:00,6/11/2023 17:30,83.5,82.9,57.3,6,8.1,13.6,233,0,0,0,0,0.02,105.91,30.11,41,2,205.2,64.8,41,97.3,26,84,34,82.9,37,63.9,50,65.8,28.81,1,1,1,1,1,1,96.2,56.6,82.5,52.6,81.9,53.9,64.8,40.5,1,63.9,44.9
212,2023-06-11T17:35:00-04:00,6/11/2023 17:35,82.4,82.2,57.6,6.5,8.1,13.6,186,0,0,0,0,0.02,105.91,30.11,43,1,144.4,64.8,41,96.4,26,84.2,34,82.8,36,64,50,65.8,28.8,1,1,1,1,1,1,94.9,55.9,82.6,52.8,81.7,53.1,64.8,40.5,1,64,45
213,2023-06-11T17:40:00-04:00,6/11/2023 17:40,82,81.8,57.3,5.6,6.9,13.6,170,0,0,0,0,0.02,105.91,30.11,43,1,151,64.6,41,95.5,26,84.2,34,82.6,37,63.9,50,65.8,28.81,1,1,1,1,1,1,93.7,55.1,82.6,52.8,81.6,53.7,64.6,40.4,1,63.9,44.9
214,2023-06-11T17:45:00-04:00,6/11/2023 17:45,81.7,81.5,57,2.2,3.4,13.6,51,0,0,0,0,0.02,105.91,30.11,43,1,147.4,64.6,41,94.6,27,84.2,34,82.4,37,64,50,65.8,28.8,1,1,1,1,1,1,92.8,55.4,82.6,52.8,81.4,53.5,64.6,40.4,1,64,45
215,2023-06-11T17:50:00-04:00,6/11/2023 17:50,82,81.8,57.3,1.8,2.2,13.6,23,0,0,0,0,0.02,105.91,30.11,43,1,150.5,64.6,41,94.3,28,84.2,34,82.4,37,64,50,65.8,28.81,1,1,1,1,1,1,92.8,56.1,82.6,52.8,81.4,53.5,64.6,40.4,1,64,45
216,2023-06-11T17:55:00-04:00,6/11/2023 17:55,82,81.8,57.3,4,8.1,13.6,40,0,0,0,0,0.02,105.91,30.11,43,1,170.9,64.6,41,93.9,28,84.2,34,82.4,37,63.9,50,65.8,28.8,1,1,1,1,1,1,92.2,55.8,82.6,52.8,81.4,53.5,64.6,40.4,1,63.9,44.9
217,2023-06-11T18:00:00-04:00,6/11/2023 18:00,81.9,81.7,57.2,2.5,3.4,13.6,206,0,0,0,0,0.02,105.91,30.11,43,1,147.9,64.4,41,93.2,28,84.4,34,82.2,37,63.9,50,65.8,28.8,1,1,1,1,1,1,91.3,55.2,82.8,52.9,81.3,53.3,64.4,40.2,1,63.9,44.9
218,2023-06-11T18:05:00-04:00,6/11/2023 18:05,81.7,81.5,57,4.7,5.8,13.6,163,0,0,0,0,0.02,105.91,30.11,43,1,144.8,64.6,41,92.8,29,84.4,34,82.2,38,63.9,49,65.8,28.8,1,1,1,1,1,1,91.1,55.8,82.8,52.9,81.4,54,64.6,40.4,1,63.9,44.4
219,2023-06-11T18:10:00-04:00,6/11/2023 18:10,81.9,81.8,57.8,1.6,2.2,13.6,41,0,0,0,0,0.02,105.91,30.11,44,1,142.3,64.8,42,93,30,84.4,34,82,38,64,50,65.8,28.8,1,1,1,1,1,1,91.6,56.9,82.8,52.9,81.2,53.9,64.8,41.2,1,64,45
220,2023-06-11T18:15:00-04:00,6/11/2023 18:15,81.9,82,58.4,1.3,2.2,13.6,34,0,0,0,0,0.02,105.91,30.11,45,1,144.8,64.8,42,93.2,30,84.4,34,82,38,64,49,65.8,28.8,1,1,1,1,1,1,91.9,57.1,82.8,52.9,81.2,53.9,64.8,41.2,1,64,44.5
221,2023-06-11T18:20:00-04:00,6/11/2023 18:20,81.7,81.8,58.3,3.4,4.5,13.6,53,0,0,0,0,0.02,105.91,30.11,45,1,115.4,64.9,43,93.4,30,84.4,34,82,38,64,49,65.8,28.8,1,1,1,1,1,1,92.2,57.3,82.8,52.9,81.2,53.9,64.9,41.9,1,64,44.5
222,2023-06-11T18:25:00-04:00,6/11/2023 18:25,81.5,81.6,58.1,1.6,2.2,13.6,24,0,0,0,0,0.02,105.91,30.11,45,1,113.2,64.9,43,93.4,30,84.4,34,81.9,38,64,49,66,28.8,1,1,1,1,1,1,92.2,57.3,82.8,52.9,81.2,53.8,64.9,41.9,1,64,44.5
223,2023-06-11T18:30:00-04:00,6/11/2023 18:30,81.3,81.4,57.9,2.2,3.4,13.6,36,0,0,0,0,0.02,105.91,30.11,45,1,110.1,64.9,43,93.4,30,84.4,34,81.9,39,64,50,66,28.8,1,1,1,1,1,1,92.2,57.3,82.8,52.9,81.3,54.5,64.9,41.9,1,64,45
224,2023-06-11T18:35:00-04:00,6/11/2023 18:35,81.3,81.3,57.3,3.6,5.8,13.6,165,0,0,0,0,0.02,105.91,30.11,44,0,87.6,64.9,44,93.2,30,84.4,34,81.9,38,64,50,66,28.8,1,1,1,1,1,1,91.9,57.1,82.8,52.9,81.2,53.8,64.9,42.5,1,64,45
225,2023-06-11T18:40:00-04:00,6/11/2023 18:40,81.3,81.3,57.3,1.3,2.2,13.6,274,0,0,0,0,0.02,105.91,30.11,44,0,80.3,64.9,45,93,30,84.6,34,81.7,38,64,50,66,28.81,1,1,1,1,1,1,91.6,56.9,83,53.1,81,53.6,64.9,43,1,64,45
226,2023-06-11T18:45:00-04:00,6/11/2023 18:45,81,81.1,57,4,5.8,13.6,223,0,0,0,0,0.02,105.91,30.11,44,0,80.6,65.1,45,92.7,30,84.4,34,81.7,38,64,50,66,28.81,1,1,1,1,1,1,91.3,56.7,82.8,52.9,81,53.6,65.1,43.2,1,64,45
227,2023-06-11T18:50:00-04:00,6/11/2023 18:50,81,81.2,57.6,2.2,3.4,13.6,29,0,0,0,0,0.02,105.91,30.12,45,0,62.4,64.9,45,92.5,30,84.4,34,81.7,39,64,50,66,28.81,1,1,1,1,1,1,91,56.5,82.8,52.9,81.1,54.3,64.9,43,1,64,45
228,2023-06-11T18:55:00-04:00,6/11/2023 18:55,80.8,81,57.4,2.7,4.5,13.6,58,0,0,0,0,0.02,105.91,30.11,45,0,59.3,64.9,45,92.1,31,84.4,34,81.5,39,64,50,66,28.8,1,1,1,1,1,1,90.8,57.1,82.8,52.9,80.9,54.1,64.9,43,1,64,45
229,2023-06-11T19:00:00-04:00,6/11/2023 19:00,80.6,80.8,57.3,3.4,4.5,13.6,39,0,0,0,0,0.02,105.91,30.11,45,0,60.2,64.9,44,91.8,31,84.4,34,81.5,39,64,50,66,28.8,1,1,1,1,1,1,90.4,56.8,82.8,52.9,80.9,54.1,64.9,42.5,1,64,45
230,2023-06-11T19:05:00-04:00,6/11/2023 19:05,80.6,80.8,57.3,1.8,3.4,13.6,225,0,0,0,0,0.02,105.91,30.11,45,0,58.5,64.9,44,91.4,31,84.4,34,81.5,39,64,49,65.8,28.8,1,1,1,1,1,1,89.9,56.5,82.8,52.9,80.9,54.1,64.9,42.5,1,64,44.5
231,2023-06-11T19:10:00-04:00,6/11/2023 19:10,80.4,80.8,57.7,2.2,3.4,13.6,26,0,0,0,0,0.02,105.91,30.11,46,0,55.9,64.9,44,91,31,84.4,34,81.5,39,64,49,65.8,28.8,1,1,1,1,1,1,89.4,56.1,82.8,52.9,80.9,54.1,64.9,42.5,1,64,44.5
232,2023-06-11T19:15:00-04:00,6/11/2023 19:15,80.4,80.9,58.3,1.1,2.2,13.6,157,0,0,0,0,0.02,105.91,30.12,47,0,54.6,64.8,44,90.7,31,84.4,34,81.5,39,64,49,65.8,28.81,1,1,1,1,1,1,89,55.9,82.8,52.9,80.9,54.1,64.8,42.4,1,64,44.5
233,2023-06-11T19:20:00-04:00,6/11/2023 19:20,80.2,80.9,59.3,2,2.2,13.6,46,0,0,0,0,0.02,105.91,30.11,49,0,51.1,64.8,43,90.3,32,84.4,34,81.5,39,64,49,65.8,28.81,1,1,1,1,1,1,88.7,56.4,82.8,52.9,80.9,54.1,64.8,41.8,1,64,44.5
234,2023-06-11T19:25:00-04:00,6/11/2023 19:25,79.9,79.9,59.6,1.3,2.2,13.6,33,0,0,0,0,0.02,105.91,30.11,50,0,44.2,64.8,43,90.1,33,84.4,35,81.5,39,64,49,66,28.8,1,1,1,1,1,1,88.8,57.1,82.9,53.7,80.9,54.1,64.8,41.8,1,64,44.5
235,2023-06-11T19:30:00-04:00,6/11/2023 19:30,79.7,79.8,60.5,1.8,2.2,13.6,64,0,0,0,0,0.02,105.91,30.11,52,0,33.8,64.8,43,89.8,33,84.4,34,81.3,39,63.9,49,65.8,28.81,1,1,1,1,1,1,88.4,56.8,82.8,52.9,80.8,53.9,64.8,41.8,1,63.9,44.4
236,2023-06-11T19:35:00-04:00,6/11/2023 19:35,79.3,79.4,60.7,0.2,1.1,13.6,297,0,0,0,0,0.02,105.91,30.12,53,0,31.6,64.6,43,89.4,34,84.4,34,81.3,40,63.9,49,65.7,28.81,1,1,1,1,1,1,88.1,57.3,82.8,52.9,80.9,54.6,64.6,41.6,1,63.9,44.4
237,2023-06-11T19:40:00-04:00,6/11/2023 19:40,79.2,79.4,61.1,2.2,2.2,13.6,21,0,0,0,0,0.02,105.91,30.11,54,0,30.3,64.6,43,89.1,34,84.4,34,81.3,40,63.9,49,65.5,28.8,1,1,1,1,1,1,87.8,57,82.8,52.9,80.9,54.6,64.6,41.6,1,63.9,44.4
238,2023-06-11T19:45:00-04:00,6/11/2023 19:45,79,79.1,60.9,0.4,1.1,13.6,42,0,0,0,0,0.02,105.91,30.11,54,0,23.9,64.6,43,88.9,35,84.2,34,81.3,40,63.7,49,65.3,28.8,1,1,1,1,1,1,87.8,57.7,82.6,52.8,80.9,54.6,64.6,41.6,1,63.7,44.2
239,2023-06-11T19:50:00-04:00,6/11/2023 19:50,78.8,79,61.2,0.9,1.1,13.6,38,0,0,0,0,0.02,105.91,30.12,55,0,17.3,64.6,43,88.5,35,84.2,34,81.3,40,63.7,50,65.3,28.81,1,1,1,1,1,1,87.3,57.3,82.6,52.8,80.9,54.6,64.6,41.6,1,63.7,44.7
240,2023-06-11T19:55:00-04:00,6/11/2023 19:55,78.6,78.7,61.1,4,5.8,13.6,77,0,0,0,0,0.02,105.91,30.11,55,0,11.6,64.4,43,88.2,36,84.2,34,81.1,40,63.7,50,64.9,28.8,1,1,1,1,1,1,87.2,57.8,82.6,52.8,80.7,54.5,64.4,41.4,1,63.7,44.7
241,2023-06-11T20:00:00-04:00,6/11/2023 20:00,78.3,78.4,60.8,3.1,3.4,13.6,200,0,0,0,0,0.02,105.91,30.11,55,0,8.6,64.4,43,87.8,36,84.2,34,81.1,40,63.5,50,64.8,28.8,1,1,1,1,1,1,86.7,57.5,82.6,52.8,80.7,54.5,64.4,41.4,1,63.5,44.5
242,2023-06-11T20:05:00-04:00,6/11/2023 20:05,78.3,78.4,60.8,1.3,2.2,13.6,32,0,0,0,0,0.02,105.91,30.11,55,0,7.3,64.4,43,87.3,36,84.2,34,81.1,40,63.5,50,64.6,28.8,1,1,1,1,1,1,86.1,57,82.6,52.8,80.7,54.5,64.4,41.4,1,63.5,44.5
243,2023-06-11T20:10:00-04:00,6/11/2023 20:10,77.9,78,60.9,1.3,2.2,13.6,282,0,0,0,0,0.02,105.91,30.11,56,0,6.5,64.4,43,86.9,36,84.2,34,81.1,40,63.3,50,64.4,28.8,1,1,1,1,1,1,85.6,56.7,82.6,52.8,80.7,54.5,64.4,41.4,1,63.3,44.3
244,2023-06-11T20:15:00-04:00,6/11/2023 20:15,77.7,77.8,60.7,1.6,2.2,13.6,33,0,0,0,0,0.02,105.91,30.11,56,0,3.4,64.2,42,86.4,37,84.2,34,81.1,40,63.3,50,64.4,28.8,1,1,1,1,1,1,85.3,57,82.6,52.8,80.7,54.5,64.2,40.6,1,63.3,44.3
245,2023-06-11T20:20:00-04:00,6/11/2023 20:20,77.4,77.5,61,0.9,1.1,13.6,34,0,0,0,0,0.02,105.91,30.11,57,0,2.1,64.2,42,86,37,84.2,34,81,40,63.1,50,64.2,28.8,1,1,1,1,1,1,84.9,56.7,82.6,52.8,80.7,54.4,64.2,40.6,1,63.1,44.2
246,2023-06-11T20:25:00-04:00,6/11/2023 20:25,77,77.1,60.6,0.2,1.1,13.6,44,0,0,0,0,0.02,105.91,30.11,57,0,0.8,64.2,42,85.6,37,84.2,34,81,40,63.1,50,64,28.8,1,1,1,1,1,1,84.4,56.3,82.6,52.8,80.7,54.4,64.2,40.6,1,63.1,44.2
247,2023-06-11T20:30:00-04:00,6/11/2023 20:30,76.8,76.9,60.9,0,0,13.6,40,0,0,0,0,0.02,105.91,30.11,58,0,0.8,64.2,42,85.3,38,84,34,81,40,63.1,50,64,28.8,1,1,1,1,1,1,84.3,56.8,82.5,52.6,80.7,54.4,64.2,40.6,1,63.1,44.2
248,2023-06-11T20:35:00-04:00,6/11/2023 20:35,76.5,76.6,60.6,0,0,13.6,46,0,0,0,0,0.02,105.91,30.11,58,0,0,64,42,84.9,38,84,34,80.8,40,63.1,50,63.9,28.8,1,1,1,1,1,1,83.9,56.4,82.5,52.6,80.5,54.2,64,40.4,1,63.1,44.2
249,2023-06-11T20:40:00-04:00,6/11/2023 20:40,76.1,76.2,60.7,0.2,1.1,13.6,36,0,0,0,0,0.02,105.91,30.11,59,0,0,64,42,84.7,38,84,34,80.8,40,63,50,63.9,28.8,1,1,1,1,1,1,83.7,56.2,82.5,52.6,80.5,54.2,64,40.4,1,63,44.1
250,2023-06-11T20:45:00-04:00,6/11/2023 20:45,75.9,76,60.5,1.6,2.2,13.6,32,0,0,0,0,0.02,105.91,30.11,59,0,0,64,42,84.4,39,84,34,80.6,40,63,50,63.7,28.8,1,1,1,1,1,1,83.5,56.7,82.5,52.6,80.4,54,64,40.4,1,63,44.1
251,2023-06-11T20:50:00-04:00,6/11/2023 20:50,75.9,76,60.5,0.9,1.1,13.6,24,0,0,0,0,0.02,105.91,30.11,59,0,0,63.9,42,84,39,84,34,80.6,40,62.8,50,63.7,28.8,1,1,1,1,1,1,83.1,56.3,82.5,52.6,80.4,54,63.9,40.4,1,62.8,43.9
252,2023-06-11T20:55:00-04:00,6/11/2023 20:55,75.7,75.8,60.8,0.9,2.2,13.6,39,0,0,0,0,0.02,105.91,30.11,60,0,0,63.9,42,83.7,39,83.8,34,80.4,40,62.8,51,63.5,28.8,1,1,1,1,1,1,82.8,56.1,82.3,52.4,80.2,53.8,63.9,40.4,1,62.8,44.4
253,2023-06-11T21:00:00-04:00,6/11/2023 21:00,75.6,75.7,60.7,0,0,13.6,38,0,0,0,0,0.02,105.91,30.11,60,0,0,63.9,42,83.5,39,83.8,34,80.4,40,62.8,51,63.5,28.8,1,1,1,1,1,1,82.7,55.9,82.3,52.4,80.2,53.8,63.9,40.4,1,62.8,44.4
254,2023-06-11T21:05:00-04:00,6/11/2023 21:05,75.4,75.5,61,0.7,1.1,13.6,40,0,0,0,0,0.02,105.91,30.11,61,0,0,63.7,42,83.1,40,83.8,34,80.4,41,62.8,51,63.5,28.8,1,1,1,1,1,1,82.4,56.2,82.3,52.4,80.3,54.5,63.7,40.2,1,62.8,44.4
255,2023-06-11T21:10:00-04:00,6/11/2023 21:10,75.4,75.5,61,0.4,1.1,13.6,28,0,0,0,0,0.02,105.91,30.11,61,0,0,63.7,42,82.8,40,83.8,34,80.2,41,62.6,51,63.3,28.8,1,1,1,1,1,1,82.2,56,82.3,52.4,80.2,54.3,63.7,40.2,1,62.6,44.2
256,2023-06-11T21:15:00-04:00,6/11/2023 21:15,75.2,75.3,61.3,0.9,1.1,13.6,44,0,0,0,0,0.02,105.91,30.1,62,0,0,63.7,42,82.4,40,83.8,34,80.2,41,62.6,51,63.3,28.8,1,1,1,1,1,1,81.8,55.6,82.3,52.4,80.2,54.3,63.7,40.2,1,62.6,44.2
257,2023-06-11T21:20:00-04:00,6/11/2023 21:20,75,75.1,61.1,1.3,2.2,13.6,38,0,0,0,0,0.02,105.91,30.11,62,0,0,63.7,42,82.2,41,83.7,34,80.2,41,62.6,51,63.3,28.81,1,1,1,1,1,1,81.7,56.1,82.2,52.3,80.2,54.3,63.7,40.2,1,62.6,44.2
258,2023-06-11T21:25:00-04:00,6/11/2023 21:25,75,75.1,61.1,0.7,1.1,13.6,62,0,0,0,0,0.02,105.91,30.11,62,0,0,63.5,42,81.9,41,83.7,34,80.1,41,62.6,51,63.1,28.81,1,1,1,1,1,1,81.5,55.9,82.2,52.3,80.1,54.2,63.5,40,1,62.6,44.2
259,2023-06-11T21:30:00-04:00,6/11/2023 21:30,74.8,74.9,60.9,1.3,2.2,13.6,36,0,0,0,0,0.02,105.91,30.12,62,0,0,64,42,81.7,41,83.7,34,80.1,41,62.4,51,63.1,28.81,1,1,1,1,1,1,81.3,55.7,82.2,52.3,80.1,54.2,64,40.4,1,62.4,44
260,2023-06-11T21:35:00-04:00,6/11/2023 21:35,74.8,74.9,60.9,0.9,1.1,13.6,8,0,0,0,0,0.02,105.91,30.11,62,0,0,64.2,42,81.5,42,83.7,34,80.1,41,62.4,51,63.1,28.8,1,1,1,1,1,1,81.3,56.2,82.2,52.3,80.1,54.2,64.2,40.6,1,62.4,44
261,2023-06-11T21:40:00-04:00,6/11/2023 21:40,74.8,74.9,60.9,2.5,3.4,13.6,152,0,0,0,0,0.02,105.91,30.11,62,0,0,64,42,81.1,42,83.5,34,80.1,41,62.4,51,63.1,28.8,1,1,1,1,1,1,80.9,55.8,82,52.1,80.1,54.2,64,40.4,1,62.4,44
262,2023-06-11T21:45:00-04:00,6/11/2023 21:45,74.8,74.9,60.9,1.6,2.2,13.6,34,0,0,0,0,0.02,105.91,30.11,62,0,0,63.9,42,81,42,83.5,34,79.9,41,62.4,51,63.1,28.8,1,1,1,1,1,1,80.8,55.7,82,52.1,79.5,54.1,63.9,40.4,1,62.4,44
263,2023-06-11T21:50:00-04:00,6/11/2023 21:50,74.8,74.9,60.9,2,3.4,13.6,45,0,0,0,0,0.02,105.91,30.1,62,0,0,63.9,42,80.8,43,83.5,34,79.9,41,62.4,51,63.1,28.79,1,1,1,1,1,1,80.8,56.2,82,52.1,79.5,54.1,63.9,40.4,1,62.4,44
264,2023-06-11T21:55:00-04:00,6/11/2023 21:55,74.8,74.9,60.9,1.3,2.2,13.6,35,0,0,0,0,0.02,105.91,30.1,62,0,0,63.5,42,80.4,43,83.5,34,79.9,41,62.2,51,63,28.8,1,1,1,1,1,1,80.5,55.8,82,52.1,79.5,54.1,63.5,40,1,62.2,43.8
265,2023-06-11T22:00:00-04:00,6/11/2023 22:00,74.7,74.8,60.8,5.4,6.9,13.6,44,0,0,0,0,0.02,105.91,30.11,62,0,0,64,42,80.2,43,83.5,34,79.9,41,62.2,51,63,28.8,1,1,1,1,1,1,80.3,55.6,82,52.1,79.5,54.1,64,40.4,1,62.2,43.8
266,2023-06-11T22:05:00-04:00,6/11/2023 22:05,74.7,74.8,61.3,2.2,3.4,13.6,35,0,0,0,0,0.02,105.91,30.11,63,0,0,64.2,42,80.1,43,83.3,34,79.9,41,62.2,51,63,28.8,1,1,1,1,1,1,80.3,55.6,81.9,52,79.5,54.1,64.2,40.6,1,62.2,43.8
267,2023-06-11T22:10:00-04:00,6/11/2023 22:10,74.7,74.8,61.3,2.2,5.8,13.6,213,0,0,0,0,0.02,105.91,30.11,63,0,0,64.2,42,79.9,43,83.3,34,79.9,41,62.2,51,63,28.8,1,1,1,1,1,1,79.6,55.4,81.9,52,79.5,54.1,64.2,40.6,1,62.2,43.8
268,2023-06-11T22:15:00-04:00,6/11/2023 22:15,74.5,74.6,61.1,2.5,3.4,13.6,43,0,0,0,0,0.02,105.91,30.11,63,0,0,64.2,42,79.7,43,83.3,34,79.7,41,62.2,51,63,28.8,1,1,1,1,1,1,79.4,55.2,81.9,52,79.3,53.9,64.2,40.6,1,62.2,43.8
269,2023-06-11T22:20:00-04:00,6/11/2023 22:20,74.3,74.4,60.9,1.6,2.2,13.6,29,0,0,0,0,0.02,105.91,30.11,63,0,0,64.2,42,79.5,44,83.3,34,79.7,41,62.1,51,63,28.8,1,1,1,1,1,1,79.2,55.7,81.9,52,79.3,53.9,64.2,40.6,1,62.1,43.8
270,2023-06-11T22:25:00-04:00,6/11/2023 22:25,74.3,74.4,61.3,3.4,4.5,13.6,331,0,0,0,0,0.02,105.91,30.11,64,0,0,64.8,42,79.3,44,83.1,35,79.7,41,62.1,51,63,28.8,1,1,1,1,1,1,79,55.5,81.8,52.6,79.3,53.9,64.8,41.2,1,62.1,43.8
271,2023-06-11T22:30:00-04:00,6/11/2023 22:30,74.1,74.2,61.1,0.7,1.1,13.6,39,0,0,0,0,0.02,105.91,30.11,64,0,0,64.8,42,79.2,44,83.1,35,79.5,41,62.1,51,63,28.8,1,1,1,1,1,1,78.9,55.4,81.8,52.6,79.1,53.7,64.8,41.2,1,62.1,43.8
272,2023-06-11T22:35:00-04:00,6/11/2023 22:35,74.1,74.2,61.1,3.8,4.5,13.6,174,0,0,0,0,0.02,105.91,30.11,64,0,0,64.4,42,79,45,83.1,35,79.5,42,62.1,51,63,28.81,1,1,1,1,1,1,78.7,55.8,81.8,52.6,79.1,54.4,64.4,40.8,1,62.1,43.8
273,2023-06-11T22:40:00-04:00,6/11/2023 22:40,74.1,74.2,61.1,2.9,4.5,13.6,74,0,0,0,0,0.02,105.91,30.12,64,0,0,64.6,42,78.8,45,83.1,35,79.3,42,62.1,51,63,28.81,1,1,1,1,1,1,78.5,55.6,81.8,52.6,78.9,54.2,64.6,41,1,62.1,43.8
274,2023-06-11T22:45:00-04:00,6/11/2023 22:45,74.1,74.3,61.6,2.7,3.4,13.6,243,0,0,0,0,0.02,105.91,30.11,65,0,0,64.9,42,78.6,45,82.9,35,79.3,42,62.2,51,63,28.8,1,1,1,1,1,1,78.3,55.5,81.6,52.4,78.9,54.2,64.9,41.3,1,62.2,43.8
275,2023-06-11T22:50:00-04:00,6/11/2023 22:50,74.1,74.3,61.6,3.8,5.8,13.6,195,0,0,0,0,0.02,105.91,30.11,65,0,0,64.9,42,78.4,45,82.9,35,79.2,42,62.1,51,63,28.8,1,1,1,1,1,1,78.1,55.3,81.6,52.4,78.8,54.1,64.9,41.3,1,62.1,43.8
276,2023-06-11T22:55:00-04:00,6/11/2023 22:55,73.9,74,61.4,2.9,4.5,13.6,279,0,0,0,0,0.02,105.91,30.11,65,0,0,64.6,42,78.3,46,82.9,35,79.2,42,62.1,51,63,28.81,1,1,1,1,1,1,78,55.8,81.6,52.4,78.8,54.1,64.6,41,1,62.1,43.8
277,2023-06-11T23:00:00-04:00,6/11/2023 23:00,73.8,74,61.7,2.5,3.4,13.6,43,0,0,0,0,0.02,105.91,30.11,66,0,0,64.9,42,78.1,46,82.9,35,79.2,42,62.1,51,63,28.81,1,1,1,1,1,1,77.8,55.6,81.6,52.4,78.8,54.1,64.9,41.3,1,62.1,43.8
278,2023-06-11T23:05:00-04:00,6/11/2023 23:05,73.8,73.9,61.3,2.5,5.8,13.6,177,0,0,0,0,0.02,105.91,30.11,65,0,0,65.3,42,78.1,46,82.9,35,79.2,42,,,63,28.8,1,1,1,1,1,1,77.8,55.6,81.6,52.4,78.8,54.1,65.3,41.6,,,
279,2023-06-11T23:10:00-04:00,6/11/2023 23:10,73.8,74,61.7,1.6,2.2,13.6,36,0,0,0,0,0.02,105.91,30.11,66,0,0,65.3,42,77.9,47,82.8,35,79,42,,,63,28.81,1,1,1,1,1,1,77.6,56,81.6,52.3,78.6,53.9,65.3,41.6,,,
280,2023-06-11T23:15:00-04:00,6/11/2023 23:15,73.6,73.8,61.5,6,6.9,13.6,115,0,0,0,0,0.02,105.91,30.11,66,0,0,64.9,42,77.7,47,82.8,35,79,42,,,63,28.8,1,1,1,1,1,1,77.4,55.8,81.6,52.3,78.6,53.9,64.9,41.3,,,
281,2023-06-11T23:20:00-04:00,6/11/2023 23:20,73.6,73.8,61.5,1.3,2.2,13.6,166,0,0,0,0,0.02,105.91,30.11,66,0,0,65.3,42,77.5,47,82.8,35,79,42,,,62.8,28.8,1,1,1,1,1,1,77.2,55.7,81.6,52.3,78.6,53.9,65.3,41.6,,,
282,2023-06-11T23:25:00-04:00,6/11/2023 23:25,73.6,73.8,62,1.3,2.2,13.6,88,0,0,0,0,0.02,105.91,30.11,67,0,0,65.7,42,77.4,47,82.8,35,79,42,62.1,51,63,28.81,1,1,1,1,1,1,77,55.6,81.6,52.3,78.6,53.9,65.7,42,1,62.1,43.8
283,2023-06-11T23:30:00-04:00,6/11/2023 23:30,73.4,73.6,61.8,1.1,1.1,13.6,36,0,0,0,0,0.02,105.91,30.11,67,0,0,65.7,42,77.2,48,82.8,35,79,42,62.1,51,63,28.8,1,1,1,1,1,1,76.9,56,81.6,52.3,78.6,53.9,65.7,42,1,62.1,43.8
284,2023-06-11T23:35:00-04:00,6/11/2023 23:35,73.4,73.6,61.8,4.3,4.5,13.6,221,0,0,0,0,0.02,105.91,30.11,67,0,0,65.3,42,77,48,82.6,35,79,42,62.1,51,63,28.8,1,1,1,1,1,1,76.7,55.8,81.4,52.1,78.6,53.9,65.3,41.6,1,62.1,43.8
285,2023-06-11T23:40:00-04:00,6/11/2023 23:40,73.2,73.4,62,2.7,3.4,13.6,283,0,0,0,0,0.02,105.91,30.11,68,0,0,65.7,42,77,48,82.6,35,78.8,42,62.1,51,63,28.8,1,1,1,1,1,1,76.7,55.8,81.4,52.1,78.4,53.7,65.7,42,1,62.1,43.8
286,2023-06-11T23:45:00-04:00,6/11/2023 23:45,73,73.2,61.8,3.4,4.5,13.6,32,0,0,0,0,0.02,105.91,30.11,68,0,0,65.8,42,76.8,49,82.6,35,78.8,43,62.1,51,63,28.8,1,1,1,1,1,1,76.5,56.2,81.4,52.1,78.4,54.4,65.8,42.1,1,62.1,43.8
287,2023-06-11T23:50:00-04:00,6/11/2023 23:50,73,73.2,62.2,2.9,3.4,13.6,34,0,0,0,0,0.02,105.91,30.11,69,0,0,66,42,76.6,49,82.6,35,78.8,43,,,63,28.8,1,1,1,1,1,1,76.3,56,81.4,52.1,78.4,54.4,66,42.2,,,
288,2023-06-11T23:55:00-04:00,6/11/2023 23:55,72.9,73.1,62.1,2,3.4,13.6,35,0,0,0,0,0.02,105.91,30.11,69,0,0,65.7,42,76.5,49,82.6,36,78.6,43,,,63,28.8,1,1,1,1,1,1,76.2,55.9,81.5,52.9,78.2,54.2,65.7,42,,,
289,2023-06-12T00:00:00-04:00,6/12/2023 0:00,72.9,73.1,62.1,4,6.9,8.1,173,0,0,0,0,0.02,105.91,30.1,69,0,0,65.8,42,76.5,50,82.4,35,78.6,43,,,63,28.8,1,1,1,1,1,1,76.2,56.5,81.2,52,78.2,54.2,65.8,42.1,,,
290,2023-06-12T00:05:00-04:00,6/12/2023 0:05,72.7,73,62.3,1.3,2.2,8.1,50,0,0,0,0,0.02,105.91,30.11,70,0,0,66,42,76.3,50,82.4,36,78.4,43,,,63,28.8,1,1,1,1,1,1,76,56.3,81.3,52.7,78,54,66,42.2,,,
291,2023-06-12T00:10:00-04:00,6/12/2023 0:10,72.7,73,62.3,1.8,3.4,8.1,51,0,0,0,0,0.02,105.91,30.1,70,0,0,66.4,42,76.3,50,82.4,36,78.4,43,,,63,28.79,1,1,1,1,1,1,76,56.3,81.3,52.7,78,54,66.4,42.6,,,
292,2023-06-12T00:15:00-04:00,6/12/2023 0:15,72.5,72.7,62.1,3.6,5.8,8.1,14,0,0,0,0,0.02,105.91,30.1,70,0,0,66.2,42,76.1,50,82.4,36,78.4,43,,,63,28.79,1,1,1,1,1,1,75.8,56.1,81.3,52.7,78,54,66.2,42.4,,,
293,2023-06-12T00:20:00-04:00,6/12/2023 0:20,72.5,72.8,62.5,1.3,2.2,10.3,26,0,0,0,0,0.02,105.91,30.09,71,0,0,65.8,42,75.9,51,82.2,36,78.4,43,62.2,52,63,28.79,1,1,1,1,1,1,75.6,56.5,81.2,52.6,78,54,65.8,42.1,1,62.2,44.4
294,2023-06-12T00:25:00-04:00,6/12/2023 0:25,72.5,72.8,62.5,3.8,5.8,10.3,161,0,0,0,0,0.02,105.91,30.1,71,0,0,66.2,42,75.9,51,82.2,36,78.4,43,62.1,52,63,28.79,1,1,1,1,1,1,75.6,56.5,81.2,52.6,78,54,66.2,42.4,1,62.1,44.3
295,2023-06-12T00:30:00-04:00,6/12/2023 0:30,72.5,72.8,62.5,3.4,4.5,10.3,200,0,0,0,0,0.02,105.91,30.09,71,0,0,66.4,43,75.7,51,82.2,36,78.4,43,62.2,52,63,28.79,1,1,1,1,1,1,75.4,56.3,81.2,52.6,78,54,66.4,43.2,1,62.2,44.4
296,2023-06-12T00:35:00-04:00,6/12/2023 0:35,72.3,72.6,62.4,1.8,2.2,10.3,102,0,0,0,0,0.02,105.91,30.09,71,0,0,66.6,43,75.7,51,82.2,36,78.4,43,62.2,52,63,28.79,1,1,1,1,1,1,75.4,56.3,81.2,52.6,78,54,66.6,43.4,1,62.2,44.4
297,2023-06-12T00:40:00-04:00,6/12/2023 0:40,72.1,72.4,62.6,2.2,3.4,10.3,22,0,0,0,0,0.02,105.91,30.09,72,0,0,66.4,42,75.6,51,82.2,36,78.3,43,62.2,52,63,28.78,1,1,1,1,1,1,75.3,56.2,81.2,52.6,77.9,53.9,66.4,42.6,1,62.2,44.4
298,2023-06-12T00:45:00-04:00,6/12/2023 0:45,72,72.3,62.9,1.8,2.2,10.3,47,0,0,0,0,0.02,105.91,30.09,73,0,0,66.2,42,75.6,52,82.2,36,78.3,43,62.2,52,63,28.78,1,1,1,1,1,1,75.3,56.7,81.2,52.6,77.9,53.9,66.2,42.4,1,62.2,44.4
299,2023-06-12T00:50:00-04:00,6/12/2023 0:50,71.8,72.1,62.7,1.6,2.2,10.3,24,0,0,0,0,0.02,105.91,30.09,73,0,0,66.4,43,75.4,52,82,36,78.3,43,62.2,52,63,28.78,1,1,1,1,1,1,75.1,56.5,81,52.4,77.9,53.9,66.4,43.2,1,62.2,44.4
300,2023-06-12T00:55:00-04:00,6/12/2023 0:55,71.8,72.2,63.1,1.8,2.2,10.3,303,0,0,0,0,0.02,105.91,30.08,74,0,0,66.6,43,75.2,52,82,36,78.3,44,62.2,52,,28.77,1,1,1,1,,1,74.9,56.3,81,52.4,77.9,54.6,66.6,43.4,1,62.2,44.4
301,2023-06-12T01:00:00-04:00,6/12/2023 1:00,71.6,71.9,62.9,1.8,2.2,10.3,22,0,0,0,0,0.02,105.91,30.09,74,0,0,66.7,43,75.2,53,82,36,78.3,44,62.2,52,63,28.78,1,1,1,1,1,1,74.9,56.9,81,52.4,77.9,54.6,66.7,43.5,1,62.2,44.4
302,2023-06-12T01:05:00-04:00,6/12/2023 1:05,71.6,72,63.2,2.2,3.4,10.3,352,0,0,0,0,0.02,105.91,30.08,75,0,0,66.9,43,75.2,53,82,36,78.3,44,62.2,52,63.1,28.77,1,1,1,1,1,1,74.9,56.9,81,52.4,77.9,54.6,66.9,43.7,1,62.2,44.4
303,2023-06-12T01:10:00-04:00,6/12/2023 1:10,71.4,71.8,63.1,3.4,5.8,10.3,66,0,0,0,0,0.02,105.91,30.08,75,0,0,66.4,42,75,53,82,36,78.3,44,62.2,52,63,28.77,1,1,1,1,1,1,74.7,56.7,81,52.4,77.9,54.6,66.4,42.6,1,62.2,44.4
304,2023-06-12T01:15:00-04:00,6/12/2023 1:15,71.2,71.6,63.2,5.6,8.1,11.4,192,0,0,0,0,0.02,105.91,30.09,76,0,0,66.6,43,74.8,54,81.9,36,78.1,44,62.2,52,63,28.78,1,1,1,1,1,1,74.5,57,80.9,52.3,77.7,54.4,66.6,43.4,1,62.2,44.4
305,2023-06-12T01:20:00-04:00,6/12/2023 1:20,71.2,71.6,63.2,0.9,1.1,11.4,28,0,0,0,0,0.02,105.91,30.08,76,0,0,66.7,43,74.8,54,81.9,36,78.1,44,62.2,52,63,28.77,1,1,1,1,1,1,74.5,57,80.9,52.3,77.7,54.4,66.7,43.5,1,62.2,44.4
306,2023-06-12T01:25:00-04:00,6/12/2023 1:25,71.2,71.6,63.2,1.8,2.2,11.4,59,0,0,0,0,0.02,105.91,30.09,76,0,0,66.9,43,74.7,54,81.9,36,77.9,44,62.2,52,63.1,28.78,1,1,1,1,1,1,74.4,56.9,80.9,52.3,77.5,54.2,66.9,43.7,1,62.2,44.4
307,2023-06-12T01:30:00-04:00,6/12/2023 1:30,71.1,71.5,63.1,2.7,4.5,11.4,26,0,0,0,0,0.02,105.91,30.08,76,0,0,67.1,43,74.5,55,81.9,36,77.9,44,62.4,52,63.1,28.77,1,1,1,1,1,1,74.2,57.3,80.9,52.3,77.5,54.2,67.1,43.8,1,62.4,44.5
308,2023-06-12T01:35:00-04:00,6/12/2023 1:35,71.1,71.5,63.1,3.1,4.5,11.4,20,0,0,0,0,0.02,105.91,30.08,76,0,0,67.1,43,74.3,55,81.7,37,77.7,44,62.2,53,63.1,28.77,1,1,1,1,1,1,74,57.1,80.9,52.9,77.2,54,67.1,43.8,1,62.2,44.9
309,2023-06-12T01:40:00-04:00,6/12/2023 1:40,71.1,71.5,63.1,3.4,5.8,11.4,24,0,0,0,0,0.02,105.91,30.08,76,0,0,66.9,43,74.3,56,81.9,37,77.7,44,62.4,53,63.1,28.77,1,1,1,1,1,1,74.1,57.6,81,53,77.2,54,66.9,43.7,1,62.4,45
310,2023-06-12T01:45:00-04:00,6/12/2023 1:45,71.1,71.5,63.1,0.9,1.1,11.4,36,0,0,0,0,0.02,105.91,30.07,76,0,0,66.9,43,74.3,56,81.7,37,77.7,44,62.4,53,63.1,28.77,1,1,1,1,1,1,74.1,57.6,80.9,52.9,77.2,54,66.9,43.7,1,62.4,45
311,2023-06-12T01:50:00-04:00,6/12/2023 1:50,71.1,71.5,63.1,3.4,4.5,11.4,131,0,0,0,0,0.02,105.91,30.08,76,0,0,67.1,43,74.1,56,81.7,37,77.7,44,,,63.1,28.77,1,1,1,1,1,1,73.8,57.4,80.9,52.9,77.2,54,67.1,43.8,,,
312,2023-06-12T01:55:00-04:00,6/12/2023 1:55,70.9,71.3,62.9,5.6,6.9,11.4,164,0,0,0,0,0.02,105.91,30.08,76,0,0,67.3,43,73.9,56,81.7,37,77.7,45,,,63.1,28.77,1,1,1,1,1,1,73.6,57.2,80.9,52.9,77.3,54.6,67.3,44,,,
313,2023-06-12T02:00:00-04:00,6/12/2023 2:00,70.9,71.3,62.9,3.4,4.5,11.4,179,0,0,0,0,0.02,105.91,30.08,76,0,0,67.3,43,73.9,56,81.7,37,77.7,45,,,63.1,28.77,1,1,1,1,1,1,73.6,57.2,80.9,52.9,77.3,54.6,67.3,44,,,
314,2023-06-12T02:05:00-04:00,6/12/2023 2:05,70.9,71.3,62.9,1.1,1.1,11.4,22,0,0,0,0,0.02,105.91,30.07,76,0,0,67.5,43,73.8,57,81.7,37,77.7,45,,,63.3,28.77,1,1,1,1,1,1,73.6,57.6,80.9,52.9,77.3,54.6,67.5,44.2,,,
315,2023-06-12T02:10:00-04:00,6/12/2023 2:10,70.7,71,62.8,1.8,2.2,11.4,176,0,0,0,0,0.02,105.91,30.08,76,0,0,67.1,43,73.8,56,81.5,37,77.7,45,,,63.3,28.77,1,1,1,1,1,1,73.5,57.1,80.7,52.7,77.3,54.6,67.1,43.8,,,
316,2023-06-12T02:15:00-04:00,6/12/2023 2:15,70.9,71.3,62.9,2.5,3.4,11.4,281,0,0,0,0,0.02,105.91,30.07,76,0,0,67.1,43,73.6,57,81.5,37,77.7,45,62.4,53,63.1,28.76,1,1,1,1,1,1,73.3,57.4,80.7,52.7,77.3,54.6,67.1,43.8,1,62.4,45
317,2023-06-12T02:20:00-04:00,6/12/2023 2:20,70.9,71.3,62.9,5.4,8.1,11.4,205,0,0,0,0,0.02,105.91,30.06,76,0,0,67.1,43,73.6,57,81.5,37,77.5,45,62.4,53,63.3,28.75,1,1,1,1,1,1,73.3,57.4,80.7,52.7,77.1,54.5,67.1,43.8,1,62.4,45
318,2023-06-12T02:25:00-04:00,6/12/2023 2:25,70.9,71.3,62.9,2.2,3.4,11.4,154,0,0,0,0,0.02,105.91,30.07,76,0,0,67.3,43,73.4,57,81.5,37,77.5,45,62.6,53,63.3,28.76,1,1,1,1,1,1,73.1,57.2,80.7,52.7,77.1,54.5,67.3,44,1,62.6,45.2
319,2023-06-12T02:30:00-04:00,6/12/2023 2:30,70.9,71.3,62.9,2.2,4.5,11.4,27,0,0,0,0,0.02,105.91,30.07,76,0,0,67.5,43,73.4,57,81.5,37,77.5,45,62.6,53,63.3,28.76,1,1,1,1,1,1,73.1,57.2,80.7,52.7,77.1,54.5,67.5,44.2,1,62.6,45.2
320,2023-06-12T02:35:00-04:00,6/12/2023 2:35,70.9,71.3,62.9,3.1,3.4,11.4,30,0,0,0,0,0.02,105.91,30.07,76,0,0,67.5,43,73.4,57,81.3,37,77.4,45,,,63.3,28.76,1,1,1,1,1,1,73.1,57.2,80.6,52.5,77,54.4,67.5,44.2,,,
321,2023-06-12T02:40:00-04:00,6/12/2023 2:40,70.9,71.3,62.9,3.6,4.5,11.4,39,0,0,0,0,0.02,105.91,30.07,76,0,0,67.1,43,73.2,57,81.3,37,77.4,45,62.6,53,63.3,28.76,1,1,1,1,1,1,72.9,57,80.6,52.5,77,54.4,67.1,43.8,1,62.6,45.2
322,2023-06-12T02:45:00-04:00,6/12/2023 2:45,70.7,71,62.8,3.1,3.4,11.4,182,0,0,0,0,0.02,105.91,30.06,76,0,0,67.1,43,73.2,57,81.3,37,77.2,45,62.6,53,63.1,28.75,1,1,1,1,1,1,72.9,57,80.6,52.5,76.7,54.2,67.1,43.8,1,62.6,45.2
323,2023-06-12T02:50:00-04:00,6/12/2023 2:50,70.7,71,62.8,2.5,3.4,11.4,50,0,0,0,0,0.02,105.91,30.06,76,0,0,67.3,43,73.2,58,81.3,37,77.2,45,62.6,53,63.3,28.75,1,1,1,1,1,1,72.9,57.5,80.6,52.5,76.7,54.2,67.3,44,1,62.6,45.2
324,2023-06-12T02:55:00-04:00,6/12/2023 2:55,70.9,71.3,62.9,2.2,2.2,11.4,93,0,0,0,0,0.02,105.91,30.06,76,0,0,67.5,43,73.2,57,81.3,37,77.2,45,62.6,53,63.3,28.75,1,1,1,1,1,1,72.9,57,80.6,52.5,76.7,54.2,67.5,44.2,1,62.6,45.2
325,2023-06-12T03:00:00-04:00,6/12/2023 3:00,70.7,71,62.8,2.5,3.4,12.5,124,0,0,0,0,0.02,105.91,30.06,76,0,0,67.6,43,73,58,81.3,37,77.2,45,62.6,53,63.3,28.75,1,1,1,1,1,1,72.7,57.3,80.6,52.5,76.7,54.2,67.6,44.3,1,62.6,45.2
326,2023-06-12T03:05:00-04:00,6/12/2023 3:05,70.7,71,62.8,4,4.5,12.5,105,0,0,0,0,0.02,105.91,30.06,76,0,0,67.6,43,73,58,81.1,37,77.2,46,,,63.3,28.75,1,1,1,1,1,1,72.7,57.3,80.4,52.3,76.8,54.8,67.6,44.3,,,
327,2023-06-12T03:10:00-04:00,6/12/2023 3:10,70.9,71.3,62.9,2.5,3.4,12.5,34,0,0,0,0,0.02,105.91,30.07,76,0,0,67.6,44,73,58,81.1,37,77.2,46,,,63.5,28.76,1,1,1,1,1,1,72.7,57.3,80.4,52.3,76.8,54.8,67.6,44.9,,,
328,2023-06-12T03:15:00-04:00,6/12/2023 3:15,70.7,71,62.8,1.3,2.2,12.5,49,0,0,0,0,0.02,105.91,30.06,76,0,0,67.5,43,72.9,58,81.1,37,77.2,46,62.8,53,63.3,28.75,1,1,1,1,1,1,72.6,57.2,80.4,52.3,76.8,54.8,67.5,44.2,1,62.8,45.4
329,2023-06-12T03:20:00-04:00,6/12/2023 3:20,70.7,71,62.8,0.4,1.1,12.5,17,0,0,0,0,0.02,105.91,30.06,76,0,0,67.5,43,72.9,58,81.1,37,77.2,46,62.6,53,63.3,28.75,1,1,1,1,1,1,72.6,57.2,80.4,52.3,76.8,54.8,67.5,44.2,1,62.6,45.2
330,2023-06-12T03:25:00-04:00,6/12/2023 3:25,70.7,71,62.8,1.8,2.2,12.5,34,0,0,0,0,0.02,105.91,30.06,76,0,0,67.6,44,72.9,58,81.1,37,77,46,62.6,53,63.3,28.75,1,1,1,1,1,1,72.6,57.2,80.4,52.3,76.6,54.6,67.6,44.9,1,62.6,45.2
331,2023-06-12T03:30:00-04:00,6/12/2023 3:30,70.7,71,62.8,1.3,2.2,12.5,46,0,0,0,0,0.02,105.91,30.06,76,0,0,67.6,44,72.9,58,81.1,37,77,46,62.8,53,63.5,28.75,1,1,1,1,1,1,72.6,57.2,80.4,52.3,76.6,54.6,67.6,44.9,1,62.8,45.4
332,2023-06-12T03:35:00-04:00,6/12/2023 3:35,70.7,71,62.8,2,2.2,12.5,328,0,0,0,0,0.02,105.91,30.06,76,0,0,67.6,44,72.9,58,81.1,38,76.8,46,62.8,53,63.5,28.75,1,1,1,1,1,1,72.6,57.2,80.5,53.1,76.3,54.4,67.6,44.9,1,62.8,45.4
333,2023-06-12T03:40:00-04:00,6/12/2023 3:40,70.5,70.8,62.6,3.4,5.8,12.5,130,0,0,0,0,0.02,105.91,30.05,76,0,0,67.6,44,72.7,58,81,38,76.8,46,62.8,53,63.5,28.75,1,1,1,1,1,1,72.4,57.1,80.5,53,76.3,54.4,67.6,44.9,1,62.8,45.4
334,2023-06-12T03:45:00-04:00,6/12/2023 3:45,70.7,71,62.8,0.4,1.1,12.5,30,0,0,0,0,0.02,105.91,30.06,76,0,0,67.6,44,72.7,58,81,38,76.8,46,62.8,53,63.5,28.75,1,1,1,1,1,1,72.4,57.1,80.5,53,76.3,54.4,67.6,44.9,1,62.8,45.4
335,2023-06-12T03:50:00-04:00,6/12/2023 3:50,70.7,71,62.8,1.8,2.2,12.5,134,0,0,0,0,0.02,105.91,30.06,76,0,0,67.3,44,72.7,59,81,38,76.8,46,62.8,53,63.5,28.75,1,1,1,1,1,1,72.4,57.5,80.5,53,76.3,54.4,67.3,44.6,1,62.8,45.4
336,2023-06-12T03:55:00-04:00,6/12/2023 3:55,70.7,71,62.8,1.6,2.2,12.5,34,0,0,0,0,0.02,105.91,30.06,76,0,0,67.5,44,72.7,59,81,38,76.8,46,62.8,53,63.5,28.75,1,1,1,1,1,1,72.4,57.5,80.5,53,76.3,54.4,67.5,44.8,1,62.8,45.4
337,2023-06-12T04:00:00-04:00,6/12/2023 4:00,70.5,70.8,62.6,1.8,2.2,12.5,44,0,0,0,0,0.02,105.91,30.06,76,0,0,67.6,44,72.7,59,81,38,76.8,46,62.8,53,63.5,28.75,1,1,1,1,1,1,72.4,57.5,80.5,53,76.3,54.4,67.6,44.9,1,62.8,45.4
338,2023-06-12T04:05:00-04:00,6/12/2023 4:05,70.5,70.8,62.6,3.1,4.5,12.5,161,0,0,0,0,0.02,105.91,30.06,76,0,0,67.6,44,72.5,59,80.8,38,76.8,46,62.8,53,63.5,28.75,1,1,1,1,1,1,72.2,57.3,80.3,52.8,76.3,54.4,67.6,44.9,1,62.8,45.4
339,2023-06-12T04:10:00-04:00,6/12/2023 4:10,70.5,70.8,62.6,1.6,3.4,12.5,38,0,0,0,0,0.02,105.91,30.07,76,0,0,67.8,44,72.5,59,80.8,38,77,46,62.8,53,63.5,28.76,1,1,1,1,1,1,72.2,57.3,80.3,52.8,76.6,54.6,67.8,45.1,1,62.8,45.4
340,2023-06-12T04:15:00-04:00,6/12/2023 4:15,70.5,70.9,62.9,2,3.4,12.5,71,0,0,0,0,0.02,105.91,30.06,77,0,0,67.8,44,72.5,59,80.8,38,77,47,62.8,54,63.5,28.75,1,1,1,1,1,1,72.2,57.3,80.3,52.8,76.6,55.2,67.8,45.1,1,62.8,45.9
341,2023-06-12T04:20:00-04:00,6/12/2023 4:20,70.5,70.9,62.9,1.8,2.2,12.5,13,0,0,0,0,0.02,105.91,30.07,77,0,0,67.8,44,72.5,59,80.8,38,76.8,47,63,54,63.5,28.76,1,1,1,1,1,1,72.2,57.3,80.3,52.8,76.4,55,67.8,45.1,1,63,46.1
342,2023-06-12T04:25:00-04:00,6/12/2023 4:25,70.3,70.6,62.7,2,3.4,12.5,28,0,0,0,0,0.02,105.91,30.05,77,0,0,67.5,44,72.5,59,80.8,38,76.8,46,62.8,54,63.5,28.75,1,1,1,1,1,1,72.2,57.3,80.3,52.8,76.3,54.4,67.5,44.8,1,62.8,45.9
343,2023-06-12T04:30:00-04:00,6/12/2023 4:30,70.3,70.6,62.7,1.8,2.2,12.5,17,0,0,0,0,0.02,105.91,30.06,77,0,0,67.6,44,72.3,59,80.8,38,77,47,63,54,63.5,28.75,1,1,1,1,1,1,72,57.2,80.3,52.8,76.6,55.2,67.6,44.9,1,63,46.1
344,2023-06-12T04:35:00-04:00,6/12/2023 4:35,70.3,70.6,62.7,1.8,2.2,12.5,31,0,0,0,0,0.02,105.91,30.06,77,0,0,67.8,44,72.3,59,80.8,38,76.8,47,63,53,63.5,28.75,1,1,1,1,1,1,72,57.2,80.3,52.8,76.4,55,67.8,45.1,1,63,45.6
345,2023-06-12T04:40:00-04:00,6/12/2023 4:40,70.2,70.6,63,2,3.4,12.5,183,0,0,0,0,0.02,105.91,30.05,78,0,0,67.8,44,72.3,59,80.6,38,76.8,47,63,53,63.7,28.74,1,1,1,1,1,1,72,57.2,80.2,52.6,76.4,55,67.8,45.1,1,63,45.6
346,2023-06-12T04:45:00-04:00,6/12/2023 4:45,70.2,70.6,63,1.3,2.2,12.5,38,0,0,0,0,0.02,105.91,30.05,78,0,0,68,44,72.3,59,80.6,38,76.8,47,63,54,63.7,28.75,1,1,1,1,1,1,72,57.2,80.2,52.6,76.4,55,68,45.3,1,63,46.1
347,2023-06-12T04:50:00-04:00,6/12/2023 4:50,70.2,70.6,63,2,3.4,12.5,18,0,0,0,0,0.02,105.91,30.06,78,0,0,68,44,72.3,59,80.6,38,76.8,47,63,54,63.7,28.75,1,1,1,1,1,1,72,57.2,80.2,52.6,76.4,55,68,45.3,1,63,46.1
348,2023-06-12T04:55:00-04:00,6/12/2023 4:55,70.2,70.6,63,2.2,3.4,12.5,41,0,0,0,0,0.02,105.91,30.05,78,0,0,68,44,72.3,60,80.6,38,76.8,47,63,54,63.7,28.75,1,1,1,1,1,1,72,57.6,80.2,52.6,76.4,55,68,45.3,1,63,46.1
349,2023-06-12T05:00:00-04:00,6/12/2023 5:00,70,70.4,62.8,1.3,2.2,12.5,34,0,0,0,0,0.02,105.91,30.05,78,0,0,67.6,44,72.1,60,80.6,38,76.8,47,63,54,63.7,28.74,1,1,1,1,1,1,71.8,57.4,80.2,52.6,76.4,55,67.6,44.9,1,63,46.1
350,2023-06-12T05:05:00-04:00,6/12/2023 5:05,69.8,70.2,63,1.6,2.2,12.5,49,0,0,0,0,0.02,105.91,30.05,79,0,0,67.6,44,72.1,60,80.6,38,76.8,47,63,54,63.7,28.74,1,1,1,1,1,1,71.8,57.4,80.2,52.6,76.4,55,67.6,44.9,1,63,46.1
351,2023-06-12T05:10:00-04:00,6/12/2023 5:10,69.6,70,62.8,0.7,1.1,12.5,46,0,0,0,0,0.02,105.91,30.05,79,0,0,67.8,44,72.1,60,80.4,38,76.8,47,,,63.7,28.75,1,1,1,1,1,1,71.8,57.4,80,52.4,76.4,55,67.8,45.1,,,
352,2023-06-12T05:15:00-04:00,6/12/2023 5:15,69.6,70,62.8,1.6,2.2,12.5,49,0,0,0,0,0.02,105.91,30.05,79,0,0,68,44,72,60,80.4,38,76.6,47,63,54,63.7,28.74,1,1,1,1,1,1,71.7,57.3,80,52.4,76.2,54.8,68,45.3,1,63,46.1
353,2023-06-12T05:20:00-04:00,6/12/2023 5:20,69.6,70,62.8,2.9,3.4,12.5,32,0,0,0,0,0.02,105.91,30.06,79,0,0,68,44,72,60,80.4,38,76.6,47,63,54,63.7,28.75,1,1,1,1,1,1,71.7,57.3,80,52.4,76.2,54.8,68,45.3,1,63,46.1
354,2023-06-12T05:25:00-04:00,6/12/2023 5:25,69.6,70,62.8,2.2,3.4,12.5,54,0,0,0,0,0.02,105.91,30.06,79,0,0,68,44,72,60,80.4,38,76.6,47,63,54,,28.75,1,1,1,1,,1,71.7,57.3,80,52.4,76.2,54.8,68,45.3,1,63,46.1
355,2023-06-12T05:30:00-04:00,6/12/2023 5:30,69.6,70,62.8,2,3.4,12.5,59,0,0,0,0,0.02,105.91,30.05,79,0,0,68,44,72,60,80.4,38,76.6,47,63.1,54,,28.74,1,1,1,1,,1,71.7,57.3,80,52.4,76.2,54.8,68,45.3,1,63.1,46.2
356,2023-06-12T05:35:00-04:00,6/12/2023 5:35,69.6,70,63.1,1.8,3.4,12.5,30,0,0,0,0,0.02,105.91,30.05,80,0,0,67.6,44,71.8,61,80.4,38,76.6,47,63,54,,28.75,1,1,1,1,,1,71.5,57.6,80,52.4,76.2,54.8,67.6,44.9,1,63,46.1
357,2023-06-12T05:40:00-04:00,6/12/2023 5:40,69.4,69.8,63,2.5,4.5,12.5,85,0,0,0,0,0.02,105.91,30.06,80,0,0,67.8,44,71.8,61,80.2,38,76.6,47,63,54,,28.75,1,1,1,1,,1,71.5,57.6,79.9,52.3,76.2,54.8,67.8,45.1,1,63,46.1
358,2023-06-12T05:45:00-04:00,6/12/2023 5:45,69.4,69.8,63,0.7,1.1,12.5,38,0,0,0,0,0.02,105.91,30.05,80,0,1.2,68,44,71.6,61,80.2,38,76.5,47,,,63.7,28.74,1,1,1,1,1,1,71.3,57.4,79.9,52.3,76.1,54.8,68,45.3,,,
359,2023-06-12T05:50:00-04:00,6/12/2023 5:50,69.3,69.7,63.2,2.2,3.4,12.5,47,0,0,0,0,0.02,105.91,30.06,81,0,2.6,68,44,71.6,61,80.2,38,76.5,47,63,54,63.7,28.75,1,1,1,1,1,1,71.3,57.4,79.9,52.3,76.1,54.8,68,45.3,1,63,46.1
360,2023-06-12T05:55:00-04:00,6/12/2023 5:55,69.1,69.5,63,1.8,2.2,12.5,35,0,0,0,0,0.02,105.91,30.06,81,0,3.8,68.2,44,71.6,61,80.2,38,76.3,47,63,54,63.7,28.75,1,1,1,1,1,1,71.3,57.4,79.9,52.3,75.8,54.6,66.8,45.4,1,63,46.1
361,2023-06-12T06:00:00-04:00,6/12/2023 6:00,69.1,69.5,63,2.2,3.4,12.5,224,0,0,0,0,0.02,105.91,30.06,81,0,7.3,68.2,44,71.6,62,80.2,38,76.3,47,63,54,63.7,28.75,1,1,1,1,1,1,71.4,57.9,79.9,52.3,75.8,54.6,66.8,45.4,1,63,46.1
362,2023-06-12T06:05:00-04:00,6/12/2023 6:05,69.1,69.6,63.4,1.3,2.2,12.5,32,0,0,0,0,0.02,105.91,30.05,82,0,11.3,67.8,44,71.6,62,80.2,38,76.1,47,,,63.7,28.75,1,1,1,1,1,1,71.4,57.9,79.9,52.3,75.6,54.4,67.8,45.1,,,
363,2023-06-12T06:10:00-04:00,6/12/2023 6:10,69.1,69.6,63.4,0.9,1.1,12.5,51,0,0,0,0,0.02,105.91,30.05,82,0,13.3,67.6,44,71.4,62,80.1,38,76.1,48,,,63.7,28.74,1,1,1,1,1,1,71.2,57.7,79.8,52.2,75.7,55,67.6,44.9,,,
364,2023-06-12T06:15:00-04:00,6/12/2023 6:15,68.9,69.3,63.2,0.7,1.1,12.5,40,0,0,0,0,0.02,105.91,30.06,82,0,16,67.8,44,71.6,62,80.1,38,76.1,48,63.1,54,63.7,28.75,1,1,1,1,1,1,71.4,57.9,79.8,52.2,75.7,55,67.8,45.1,1,63.1,46.2
365,2023-06-12T06:20:00-04:00,6/12/2023 6:20,68.9,69.3,63.2,1.1,2.2,12.5,28,0,0,0,0,0.02,105.91,30.05,82,0,20.8,68,44,71.6,62,80.1,38,76.1,48,63,54,63.7,28.74,1,1,1,1,1,1,71.4,57.9,79.8,52.2,75.7,55,68,45.3,1,63,46.1
366,2023-06-12T06:25:00-04:00,6/12/2023 6:25,68.9,69.4,63.5,2.7,4.5,12.5,247,0,0,0,0,0.02,105.91,30.05,83,0,23.4,68.2,44,71.6,62,80.1,38,76.1,48,63.1,54,63.7,28.74,1,1,1,1,1,1,71.4,57.9,79.8,52.2,75.7,55,66.8,45.4,1,63.1,46.2
367,2023-06-12T06:30:00-04:00,6/12/2023 6:30,68.7,69.2,63.3,3.1,4.5,12.5,195,0,0,0,0,0.02,105.91,30.06,83,0,23.9,68.4,45,71.6,62,80.1,38,76.1,48,63.1,54,63.9,28.75,1,1,1,1,1,1,71.4,57.9,79.8,52.2,75.7,55,67.1,46.2,1,63.1,46.2
368,2023-06-12T06:35:00-04:00,6/12/2023 6:35,68.7,69.2,63.3,3.4,5.8,12.5,165,0,0,0,0,0.02,105.91,30.05,83,0,25.9,68.2,45,71.6,62,80.1,38,76.1,48,63.1,54,63.9,28.75,1,1,1,1,1,1,71.4,57.9,79.8,52.2,75.7,55,66.8,46,1,63.1,46.2
369,2023-06-12T06:40:00-04:00,6/12/2023 6:40,68.9,69.4,63.5,1.8,3.4,12.5,37,0,0,0,0,0.02,105.91,30.06,83,0,24.7,67.8,44,71.6,63,79.9,38,76.1,48,,,63.9,28.75,1,1,1,1,1,1,71.4,58.3,79.4,52,75.7,55,67.8,45.1,,,
370,2023-06-12T06:45:00-04:00,6/12/2023 6:45,68.9,69.4,63.5,1.6,2.2,12.5,34,0,0,0,0,0.02,105.91,30.06,83,0,37.2,68,44,71.8,63,79.9,38,76.1,48,,,63.7,28.75,1,1,1,1,1,1,71.6,58.5,79.4,52,75.7,55,68,45.3,,,
371,2023-06-12T06:50:00-04:00,6/12/2023 6:50,68.9,69.4,63.5,3.4,5.8,12.5,168,0,0,0,0,0.02,105.91,30.06,83,0,41.1,68.2,44,71.8,63,79.9,39,76.1,48,,,63.9,28.75,1,1,1,1,1,1,71.6,58.5,79.4,52.7,75.7,55,66.8,45.4,,,
372,2023-06-12T06:55:00-04:00,6/12/2023 6:55,68.9,69.4,63.9,4.3,5.8,12.5,116,0,0,0,0,0.02,105.91,30.06,84,0,56.8,68.4,44,71.8,63,79.9,39,76.1,48,,,63.9,28.75,1,1,1,1,1,1,71.6,58.5,79.4,52.7,75.7,55,67,45.6,,,
373,2023-06-12T07:00:00-04:00,6/12/2023 7:00,69.1,69.6,63.7,2.7,3.4,12.5,275,0,0,0,0,0.02,105.91,30.06,83,0,72.4,68.4,45,72,64,79.9,39,76.1,48,,,63.9,28.75,1,1,1,1,1,1,71.9,59.1,79.4,52.7,75.7,55,67.1,46.2,,,
374,2023-06-12T07:05:00-04:00,6/12/2023 7:05,69.4,69.9,64,2.2,2.2,12.5,29,0,0,0,0,0.02,105.91,30.06,83,0,57.6,68.5,45,72.1,64,79.9,39,76.1,48,63.1,54,63.9,28.75,1,1,1,1,1,1,72,59.2,79.4,52.7,75.7,55,67.2,46.3,1,63.1,46.2
375,2023-06-12T07:10:00-04:00,6/12/2023 7:10,69.3,69.8,63.9,2.9,3.4,12.5,165,0,0,0,0,0.02,105.91,30.06,83,0,53.3,68.2,44,72.3,63,79.9,39,75.9,48,63.1,54,63.9,28.75,1,1,1,1,1,1,72.2,59,79.4,52.7,75.4,54.8,66.8,45.4,1,63.1,46.2
376,2023-06-12T07:15:00-04:00,6/12/2023 7:15,69.3,69.9,64.2,1.6,3.4,12.5,178,0,0,0,0,0.02,105.91,30.05,84,0,85.4,68,44,72.5,64,79.9,39,75.7,48,63.1,54,63.7,28.75,1,1,1,1,1,1,72.5,59.6,79.4,52.7,75.2,54.6,68,45.3,1,63.1,46.2
377,2023-06-12T07:20:00-04:00,6/12/2023 7:20,69.4,70,64.3,2.2,3.4,12.5,34,0,0,0,0,0.02,105.91,30.05,84,1,101.9,68.2,44,72.7,64,79.7,39,75.7,48,63.1,54,63.7,28.74,1,1,1,1,1,1,72.7,59.8,79.2,52.5,75.2,54.6,66.8,45.4,1,63.1,46.2
378,2023-06-12T07:25:00-04:00,6/12/2023 7:25,69.6,70.2,64.2,2.5,3.4,12.5,37,0,0,0,0,0.02,105.91,30.05,83,0,94.6,68.2,44,73,63,79.7,39,75.7,48,63,54,63.7,28.74,1,1,1,1,1,1,73,59.6,79.2,52.5,75.2,54.6,66.8,45.4,1,63,46.1
379,2023-06-12T07:30:00-04:00,6/12/2023 7:30,70,70.6,64.6,4.7,8.1,12.5,192,0,0,0,0,0.02,105.91,30.05,83,0,98.4,68.2,45,73.4,63,79.7,39,75.7,48,63,54,63.7,28.74,1,1,1,1,1,1,73.4,60,79.2,52.5,75.2,54.6,66.8,46,1,63,46.1
380,2023-06-12T07:35:00-04:00,6/12/2023 7:35,70,70.6,64.6,0.2,1.1,12.5,42,0,0,0,0,0.02,105.91,30.06,83,0,78,68.2,45,73.8,63,79.7,39,75.7,48,63.1,54,63.9,28.75,1,1,1,1,1,1,73.8,60.4,79.2,52.5,75.2,54.6,66.8,46,1,63.1,46.2
381,2023-06-12T07:40:00-04:00,6/12/2023 7:40,70,70.6,64.6,5.1,6.9,12.5,172,0,0,0,0,0.02,105.91,30.06,83,0,58.5,67.8,44,74.1,63,79.7,39,75.7,48,63.1,54,63.7,28.75,1,1,1,1,1,1,74.2,60.7,79.2,52.5,75.2,54.6,67.8,45.1,1,63.1,46.2
382,2023-06-12T07:45:00-04:00,6/12/2023 7:45,69.8,70.4,64.7,3.4,4.5,12.5,166,0,0,0,0,0.02,105.91,30.05,84,1,104.5,67.6,44,74.3,63,79.7,39,75.7,48,63,54,63.7,28.75,1,1,1,1,1,1,74.4,60.9,79.2,52.5,75.2,54.6,67.6,44.9,1,63,46.1
383,2023-06-12T07:50:00-04:00,6/12/2023 7:50,70,70.6,64.6,1.3,2.2,12.5,33,0,0,0,0,0.02,105.91,30.06,83,1,140.4,67.8,44,74.7,63,79.7,39,75.7,48,63,54,63.7,28.75,1,1,1,1,1,1,74.8,61.3,79.2,52.5,75.2,54.6,67.8,45.1,1,63,46.1
384,2023-06-12T07:55:00-04:00,6/12/2023 7:55,70.3,70.9,64.9,1.1,1.1,12.5,50,0,0,0,0,0.02,105.91,30.05,83,1,122.7,68,44,74.8,63,79.7,39,75.7,48,63,54,63.7,28.74,1,1,1,1,1,1,74.9,61.3,79.2,52.5,75.2,54.6,68,45.3,1,63,46.1
385,2023-06-12T08:00:00-04:00,6/12/2023 8:00,70.9,71.5,65.1,4.9,6.9,12.5,57,0,0,0,0,0.02,105.91,30.05,82,1,202.6,68,45,75.4,63,79.7,39,75.7,49,63,54,63.7,28.75,1,1,1,1,1,1,75.6,61.9,79.2,52.5,75.3,55.2,68,45.9,1,63,46.1
386,2023-06-12T08:05:00-04:00,6/12/2023 8:05,70.7,71.3,64.9,5.4,9.2,12.5,292,0,0,0,0,0.02,105.91,30.05,82,1,151.3,67.6,44,75.9,62,79.7,40,75.9,49,63.1,54,63.7,28.74,1,1,1,1,1,1,76.1,61.9,79.2,53.2,75.5,55.4,67.6,44.9,1,63.1,46.2
387,2023-06-12T08:10:00-04:00,6/12/2023 8:10,70.7,71.3,64.9,3.1,5.8,12.5,14,0,0,0,0,0.02,105.91,30.05,82,1,155.7,67.6,44,76.3,62,79.5,38,75.9,49,63.1,54,63.9,28.75,1,1,1,1,1,1,76.5,62.3,78.9,51.6,75.5,55.4,67.6,44.9,1,63.1,46.2
388,2023-06-12T08:15:00-04:00,6/12/2023 8:15,70.9,71.5,65.1,4.9,6.9,12.5,104,0,0,0,0,0.02,105.91,30.06,82,1,132.7,68,45,76.6,61,79.2,37,75.9,49,63.1,54,63.9,28.75,1,1,1,1,1,1,76.8,62.1,78.6,50.7,75.5,55.4,68,45.9,1,63.1,46.2
389,2023-06-12T08:20:00-04:00,6/12/2023 8:20,70.5,71.2,65.1,6,10.3,12.5,142,0,0,0,0,0.02,105.91,30.05,83,0,92.7,68.2,45,76.8,61,78.6,36,75.9,49,63.1,55,63.9,28.75,1,1,1,1,1,1,77,62.3,77.9,49.4,75.5,55.4,66.8,46,1,63.1,46.7
390,2023-06-12T08:25:00-04:00,6/12/2023 8:25,70.7,71.3,64.9,1.8,2.2,12.5,43,0,0,0,0,0.02,105.91,30.05,82,1,109.2,68.2,46,77,61,78.4,36,75.9,49,63.1,55,63.9,28.74,1,1,1,1,1,1,77.3,62.5,77.6,49.2,75.5,55.4,66.9,46.6,1,63.1,46.7
391,2023-06-12T08:30:00-04:00,6/12/2023 8:30,70.7,71.3,64.9,2.2,4.5,12.5,142,0,0,0,0,0.02,105.91,30.05,82,0,96.3,67.8,47,77.2,61,77.9,36,75.7,49,63.1,55,63.9,28.74,1,1,1,1,1,1,77.5,62.7,77.1,48.8,75.3,55.2,67.8,46.8,1,63.1,46.7
392,2023-06-12T08:35:00-04:00,6/12/2023 8:35,70.3,70.9,64.9,6.9,11.4,12.5,166,0,0,0,0,0.02,105.91,30.04,83,0,78,68,47,77.2,60,77.5,37,75.7,49,63.1,55,63.9,28.73,1,1,1,1,1,1,77.4,62.2,76.7,49.2,75.3,55.2,68,47,1,63.1,46.7
393,2023-06-12T08:40:00-04:00,6/12/2023 8:40,70.3,70.9,64.9,7.6,9.2,12.5,210,0,0,0,0,0.02,105.91,30.05,83,0,84.5,68.4,47,77.2,60,77.4,37,75.6,49,63.1,55,64,28.74,1,1,1,1,1,1,77.4,62.2,76.6,49.1,75.2,55.1,67.1,47.4,1,63.1,46.7
394,2023-06-12T08:45:00-04:00,6/12/2023 8:45,70.3,70.9,64.9,3.1,4.5,12.5,97,0,0,0,0,0.02,105.91,30.05,83,0,95.8,68.2,47,77,60,77,37,75.6,49,63.1,55,63.9,28.74,1,1,1,1,1,1,77.2,62,76.1,48.7,75.2,55.1,66.9,47.2,1,63.1,46.7
395,2023-06-12T08:50:00-04:00,6/12/2023 8:50,70.3,70.9,64.9,2.5,3.4,12.5,25,0,0,0,0,0.02,105.91,30.05,83,0,75,67.6,46,77.2,60,76.6,37,75.6,49,63.1,55,63.9,28.74,1,1,1,1,1,1,77.4,62.2,75.7,48.4,75.2,55.1,67.6,46.1,1,63.1,46.7
396,2023-06-12T08:55:00-04:00,6/12/2023 8:55,70.2,70.8,64.8,6,8.1,12.5,194,0,0,0,0,0.02,105.91,30.04,83,0,94.6,68,46,77,60,76.5,38,75.6,49,63.1,55,63.9,28.73,1,1,1,1,1,1,77.2,62,75.6,49,75.2,55.1,68,46.4,1,63.1,46.7
397,2023-06-12T09:00:00-04:00,6/12/2023 9:00,70.5,71.2,65.1,1.1,3.4,12.5,176,0,0,0,0,0.02,105.91,30.05,83,0,85.4,68.2,46,77,60,76.3,38,75.6,49,63.1,55,64,28.74,1,1,1,1,1,1,77.2,62,75.4,48.8,75.2,55.1,66.9,46.6,1,63.1,46.7
398,2023-06-12T09:05:00-04:00,6/12/2023 9:05,70.3,70.9,64.9,3.6,5.8,12.5,38,0,0,0,0,0.02,105.91,30.05,83,1,102.3,68,46,77,60,75.9,38,75.6,50,63.1,55,63.9,28.74,1,1,1,1,1,1,77.2,62,75,48.5,75.2,55.6,68,46.4,1,63.1,46.7
399,2023-06-12T09:10:00-04:00,6/12/2023 9:10,70.5,71.2,65.1,2.9,3.4,13.6,226,0,0,0,0,0.02,105.91,30.04,83,1,142.6,67.6,46,77,60,75.7,38,75.6,50,63.3,55,63.9,28.73,1,1,1,1,1,1,77.2,62,74.8,48.3,75.2,55.6,67.6,46.1,1,63.3,46.9
